ISIN | Currency | Total Buy Count | Total Sell Count | Total Buy Quantity | Total Sell Quantity | Weighted Average Buy Price | Weighted Average Sell Price | Max Buy Price | Min Sell Price
GB00B1YW4409	GBX	541	476	111025	97681	138172408.91691062	139457392.43046242	139450000	0
CH0012221716	CHF	354	400	82827	106406	3161680.683834981	3341263.0302802473	3227000	0
FR0000120404	EUR	11	0	275	0	2150000.0	0	2150000	0
IE00BWT6H894	GBX	448	612	14525	23305	1105623098.1067126	1112996288.3501394	1119500000	0
GB00B8HX8Z88	GBX	38	47	28907	24553	32565013.318573356	33104219.443652507	33040000	0
GB00BMJ6DW54	GBX	471	403	199868	165568	54270991.454359874	54841780.05411674	54860000	0
NL0011540547	EUR	0	22	0	1199	0	1787798.1651376146	0	0
IE00BD1RP616	EUR	39	51	19215	18011	613705.8548009368	627575.337293876	618400	0
CH0012138605	CHF	178	173	16237	17159	4310674.50883784	4714376.129145055	4477000	0
DE000A1EWWW0	EUR	0	11	0	242	0	27550000.0	0	0
GB00B02J6398	GBX	542	527	49316	48324	304523312.9207559	307711731.2308584	309000000	0
CH0319416936	CHF	100	101	2933	4848	16979198.772587795	17738805.693069305	17180000	0
CH0024638196	CHF	55	74	1833	1576	23196503.000545554	23404359.137055837	23420000	0
GB00B2PDGW16	GBX	31	34	7104	7184	163732608.38963965	166270260.30066815	165500000	0
CH0000816824	CHF	67	100	21326	53593	889288.8727375035	1010165.8052357584	899000	0
CH0025751329	CHF	441	518	21432	30970	7440861.888764464	8003536.325476267	7536000	0
CH0102659627	CHF	49	48	140024	141848	127486.17879792035	139222.47828661665	131400	0
CH0012410517	CHF	112	118	5835	5918	15720544.98714653	16330510.30753633	16090000	0
CH0043238366	CHF	109	140	357044	578022	102076.92105174712	119253.8126576497	108000	0
CH0009002962	CHF	200	228	531	704	215347645.95103577	218579829.54545453	217800000	0
CH0012453913	CHF	68	102	3576	5386	10759721.19686801	11642721.871518752	11130000	0
CH0021218067	CHF	15	14	488298	477199	14161.850304527154	14409.901445728092	14260	0
CH0012549785	CHF	51	96	1380	1819	33636326.08695652	34748774.05167674	33970000	0
CH0038388911	CHF	24	15	1548	875	7639912.790697674	8757965.714285715	8665000	0
CH0005795668	CHF	35	51	481846	839829	30802.66537441423	35382.9815950628	31250	0
SE0003366871	SEK	0	11	0	32802	0	182000.0	0	0
FR0000031122	EUR	0	11	0	2233	0	541000.0	0	0
CH0110240600	CHF	80	73	21115	13703	2144616.102296945	2231342.0418886375	2230000	0
SE0000695876	SEK	11	0	935	0	24800000.0	0	24800000	0
DE0008404005	EUR	11	22	374	1771	21500000.0	25217453.41614907	21500000	0
GB00BYQ0JC66	GBX	48	44	43151	31830	49771940.39535584	50349652.21489161	50260000	0
GB0000904986	GBX	212	271	14915	18211	287750908.4813946	290623062.9839108	290000000	0
GB00B62G9D36	GBX	67	59	106315	106133	17075007.66589851	17267647.66849142	17300000	0
ES0109067019	EUR	0	11	0	55	0	7240000.0	0	0
CH0011795959	CHF	63	104	720	1245	49182152.777777776	53591566.26506024	53150000	0
CH0022268228	CHF	58	37	37143	23043	653884.7965969362	719416.6124202578	713000	0
CH0016440353	CHF	76	86	573	700	94389005.2356021	95084000.0	94950000	0
GB00B1XZS820	GBX	921	833	82365	74489	328468048.92854977	336815733.1955054	336250000	0
ES0130625512	EUR	0	11	0	550	0	287000.0	0	0
BE0974293251	EUR	0	33	0	462	0	6074000.0	0	0
GB00BCKFY513	GBX	18	13	140471	115480	3959764.9336873805	4031333.2611707654	4010000	0
GB0000456144	GBX	454	485	78636	82582	128063135.84109059	129303822.26150978	129300000	0
IM00B5VQMV65	GBX	462	527	68744	78948	160793541.98184568	162035446.74975935	162150000	0
BMG4593F1389	GBX	43	56	15053	17958	98068362.45266724	99894882.50361955	98960000	0
GB0000536739	GBX	367	558	23482	38326	525776509.66697896	529370583.9377968	532200000	0
GB0006731235	GBX	597	598	79937	86405	195300053.1668689	200654805.85614258	197800000	0
GB00B1JQBT10	GBX	58	38	515722	402716	2234537.4252019497	2318287.9249893227	2280000	0
GB0009895292	GBX	863	1108	47658	76913	847475771.1192244	859534042.359549	856300000	0
ES0173908015	EUR	0	11	0	1947	0	83000.0	0	0
GB0007973794	GBX	81	88	169438	152694	13593468.46634167	13761811.59705031	13690000	0
GB0002162385	GBX	645	561	452644	365192	43864303.18307544	44136057.93664703	44050000	0
FR0000120628	EUR	0	11	0	308	0	3000000.0	0	0
GB0006928617	GBX	46	89	17933	29033	104630987.56482463	107567225.22646643	105650000	0
GB0009697037	GBX	30	37	35334	38502	30197678.157015905	30673528.64786245	30560000	0
GB0002634946	GBX	679	704	384994	407274	57265773.38867619	58184816.70816207	57760000	0
GB00B132NW22	GBX	68	50	65308	55772	27620916.579898328	27961519.75901886	27880000	0
GB00BVYVFW23	GBX	529	435	182810	150072	67808591.21492259	68355381.41691987	68820000	0
LU1072616219	GBX	413	479	164951	195347	57579781.147128545	58055965.84539307	58340000	0
GB0002652740	GBX	65	61	7950	7376	337697672.9559748	340973345.9869848	340000000	0
GB0008220112	GBX	527	580	271459	303156	37177656.7363764	37486496.68817375	37500000	0
GB0004915632	GBX	30	36	96702	107280	9851010.527186615	9961728.001491424	9950000	0
ES0113900J37	EUR	3	22	131	1100	318566.41221374046	340000.0	318700	0
GB00B5ZN1N88	GBX	510	515	133963	138061	130570843.44184588	132777882.60261768	131750000	0
GB00BWFGQN14	GBX	358	535	6435	9624	1328472960.3729603	1340970334.5802162	1342500000	0
GB00B71N6K86	GBX	471	477	185385	181287	50631948.215875074	51171110.22853266	51400000	0
IE00B00MZ448	GBX	74	89	20279	28868	115193653.5332117	116525543.8547873	116700000	0
GB0030232317	GBX	104	35	30841	12741	59581112.80438378	60325402.24472176	60000000	0
GB00BLDYK618	GBX	489	466	138668	129351	106106043.21112297	108452467.31760868	108600000	0
GB0003308607	GBX	259	263	16474	17598	340807460.2403788	343580912.603705	342900000	0
GB00BD3VFW73	GBX	48	56	105049	114492	17870616.188635778	18088181.619676486	18070000	0
GB0031348658	GBX	626	808	916585	1393185	20345554.113366462	21289691.081945326	20640000	0
JE00BYVQYS01	GBX	47	92	59156	88570	27684170.836432483	28019292.64988145	28150000	0
GB00BDSFG982	EUR	16	80	33983	112341	580349.6748374187	583867.2470424867	594200	0
GB0000811801	GBX	531	538	303976	193163	61548510.01394847	63542134.05258771	63560000	0
DE000BASF111	EUR	23	44	555	4356	5052108.108108108	7198737.373737373	6780000	0
GB00B41H7391	GBX	29	45	21158	24184	39306477.45533604	39774514.14158121	39800000	0
JE00BVRZ8S85	GBX	86	71	154567	92969	91136925.73447114	91672930.76186685	91400000	0
GG00B8P59C08	GBX	19	12	30396	24918	19251942.360836953	19614295.68986275	19480000	0
AT0000743059	EUR	1	0	9	0	4500000.0	0	4500000	0
DE000BAY0017	EUR	66	110	4697	12221	4696105.386416862	6788613.861386139	4920000	0
DE0005190003	EUR	0	11	0	55	0	10820000.0	0	0
CH0360674466	CHF	101	118	10093	11042	6308294.857822253	6629315.341423655	6555000	0
GG00BPFJTF46	GBX	97	104	14326	14295	276985550.74689376	283666491.78034276	280000000	0
GB00B4YZN328	GBX	38	31	124106	124520	6480803.34552721	6563633.552842917	6540000	0
GB00BYT18307	GBX	29	48	5812	11705	147629628.35512733	150761401.11063647	149800000	0
GB00BLWDVP51	GBX	49	60	7656	16112	104921159.87460814	117115317.775571	106400000	0
US69343P1057	USD	112	99	8948	10296	8921387.572641931	9128081.77933178	9176000	0
US55953Q2021	USD	77	59	23931	18944	1362644.3107266724	1382384.9767736488	1386000	0
US55315J1025	USD	65	64	13917	17432	2770050.2981964503	2822207.0904084444	2802000	0
US6698881090	USD	94	100	5272	5908	20707329.28679818	22498334.461746786	20900000	0
US3682872078	USD	207	249	195777	148005	794744.254943124	911785.0721259417	858000	0
US67812M2070	USD	86	45	48950	39385	724936.7231869254	743011.9233210613	745000	0
US80585Y3080	USD	202	240	731039	115579	1027412.1934671064	1430526.2720736465	1328500	0
US7960508882	USD	186	175	2238	6885	144640594.28060767	180256986.20188817	152550000	0
US8766292051	USD	63	82	8944	20918	3787090.11627907	4584969.786786499	3840000	0
US98387E2054	USD	70	52	13253	11705	2206996.83090621	2239437.8470739	2234000	0
US52634T2006	USD	44	54	45097	49604	218339.61239106813	223600.68744456093	221000	0
US5603172082	USD	86	97	42071	42853	789794.3476504005	800509.3692390264	805000	0
US67011E2046	USD	134	158	26796	29962	2843572.7720555305	2868255.9909218345	2878000	0
US7594701077	USD	60	33	11421	9212	6123965.064355135	6333562.744246635	6320000	0
US8565522039	USD	38	42	7666	8547	7154788.677276284	7213074.763074763	7200000	0
US8688612048	USD	35	37	25524	37025	456945.52577965835	465455.5192437542	462600	0
US8181503025	USD	79	103	18391	30347	2014687.7276928932	2062001.5158005734	2036000	0
US46630Q2021	USD	74	52	214160	222268	106656.69125887187	109211.63550308636	108800	0
DE0005158703	EUR	0	11	0	121	0	7000000.0	0	0
CH0126673539	CHF	55	87	3569	6831	7436466.797422247	7947023.861806471	7490000	0
GB0007980591	GBX	937	1349	943823	1482904	38403012.111381054	40791597.95913964	39395000	0
GB0002875804	GBX	1016	838	129828	115840	312029937.30166066	328551491.2810773	320050000	0
GB0001367019	GBX	459	489	232750	243230	54556814.1783029	55043736.62788308	54840000	0
GB0030913577	GBX	668	468	1131583	631337	18194363.444837894	19077581.719430353	18990000	0
AT0000A0E9W5	EUR	0	11	0	407	0	1745000.0	0	0
GB00B0744B38	GBX	432	528	44930	58425	273343320.7211217	275179229.7817715	276500000	0
GB0031743007	GBX	499	592	67264	77448	189329827.99119887	191809719.42464623	190550000	0
DE0007165631	EUR	0	11	0	209	0	55000000.0	0	0
NL0012650360	GBX	16	32	1753	2094	342303593.8391329	346940401.1461318	345800000	0
GB00BYQB9V88	GBX	33	47	30838	45110	23862804.008042026	24174572.15694968	24100000	0
FR0000125338	EUR	0	11	0	154	0	21900000.0	0	0
GB00B23K0M20	GBX	24	37	179220	238514	3147525.549603839	3197342.524967088	3207000	0
FI0009013429	EUR	0	11	0	2607	0	5300000.0	0	0
GB0031215220	GBX	217	234	25476	26563	138475404.30208823	139766354.70391145	141400000	0
CH0008837566	CHF	55	69	1525	1944	19254977.04918033	20626862.139917694	19860000	0
GB00B4Y7R145	GBX	55	58	155618	172790	10240329.846161755	10363677.874877019	10360000	0
CH0024590272	CHF	55	106	1207	3579	25709610.604805302	28622324.671696004	25950000	0
CH0127480363	CHF	44	69	1298	2067	16774907.550077042	16972844.702467345	16990000	0
CH0012530207	CHF	60	118	1071	2606	54356582.63305322	55376016.88411359	55100000	0
CH0025536027	CHF	49	61	660	838	43978257.57575758	44440692.124105014	44550000	0
CH0531751755	CHF	217	234	11353	27609	7563924.953756716	8874009.924300047	7630000	0
CH0038389992	CHF	71	76	7881	15761	6438264.814109884	7212578.1993528325	6715000	0
CH0130293662	CHF	90	63	5544	4064	10757893.217893219	11208587.598425196	11100000	0
CH0012684657	CHF	51	64	3161	3017	7299633.0275229355	7730000.0	7730000	0
CH0238627142	CHF	63	58	1325	1500	28449396.226415094	28983300.0	29050000	0
CH0212255803	CHF	39	34	3017	2344	6292638.382499171	6715699.658703072	6340000	0
CH0011432447	CHF	31	60	4294	5165	4294700.978108989	4378396.127783156	4360000	0
CH0002432174	CHF	69	71	717	888	42087698.74476987	42495945.94594595	42400000	0
CH0225173167	CHF	83	166	5756	19337	6272180.333564975	7177446.863525883	6405000	0
CH0244017502	CHF	51	61	342	405	112433918.12865497	119841481.48148148	119800000	0
NL0011832936	CHF	38	45	3797	4572	5486800.105346326	5572071.303587052	5540000	0
CH0360826991	CHF	86	95	2729	3598	29191535.360938072	30811951.08393552	30100000	0
GB00B033F229	GBX	268	296	689515	868364	7591660.372870786	8111241.131599192	7658000	0
CH0030486770	CHF	50	63	1017	1314	34685349.06588004	38901407.91476408	35550000	0
CH0012829898	CHF	35	75	206	419	104422815.53398058	105674701.67064439	105700000	0
CH0003541510	CHF	36	52	153	232	177283660.13071895	179366379.31034482	178800000	0
CH0008012236	CHF	95	87	603	367	126258374.79270315	155402179.83651227	150600000	0
CH0012627250	CHF	55	134	2069	8967	30868366.360560656	32944914.68718635	31200000	0
CH0030380734	CHF	61	63	4679	6498	8406518.486856166	8618514.927670052	8470000	0
CH0363463438	CHF	64	137	24277	39098	1963209.8694237345	2326355.465752724	2120000	0
CH0011029946	CHF	55	72	576	472	107309375.0	111700847.45762712	112000000	0
CH0023868554	CHF	54	85	9625	18498	2543070.1298701297	2787592.4964861064	2584000	0
CH0006372897	CHF	62	64	170	264	379676470.5882353	393678030.3030303	393000000	0
CH0273774791	CHF	32	31	249	257	60688755.02008032	61603891.05058366	61200000	0
CH0100837282	CHF	46	59	1138	1249	26134622.14411248	26469615.69255404	26350000	0
CH0010702154	CHF	48	73	919	1181	27791360.174102284	28330245.554614734	28040000	0
FR0000125007	EUR	0	11	0	297	0	6750000.0	0	0
CH0371153492	CHF	92	72	6791	5835	5791619.05463113	6131572.407883462	6135000	0
CH0022427626	CHF	39	55	101	226	223876237.62376237	232174778.76106194	232000000	0
CH0190891181	CHF	72	44	4295	3451	6839215.366705472	6919933.352651405	6900000	0
CH0210483332	CHF	493	496	28229	34121	13565121.683375252	14049214.413411096	13795000	0
CH0011108872	CHF	39	68	925	2019	30171135.135135137	31036428.925210502	30400000	0
FR0000121261	EUR	0	11	0	55	0	17200000.0	0	0
CH0003671440	CHF	64	80	1741	2796	18113141.872487076	19333633.762517884	18720000	0
CH0042615283	CHF	131	80	8590	3939	18940629.80209546	20344516.374714393	20500000	0
CH0012032113	CHF	133	151	2409	7289	34810469.07430469	39640150.91233365	37660000	0
CH0239229302	CHF	68	64	2710	2340	13063003.6900369	14291923.076923076	13590000	0
CH0014284498	CHF	65	85	869	791	72085385.50057538	76608470.29077117	76600000	0
CH0012142631	CHF	65	84	17522	20041	1971842.911768063	2029496.9811885634	1990000	0
CH0010675863	CHF	53	74	2895	4454	15978300.518134715	17054185.002245173	16240000	0
CH0010754924	CHF	41	52	183	276	122220765.02732241	124127536.23188406	123000000	0
CH0012100191	CHF	62	76	888	1249	44715292.79279279	48160608.486789435	44960000	0
CH0033361673	CHF	52	72	3161	4820	6472233.470420753	6998144.190871369	6565000	0
CH0198251305	GBX	501	493	62379	60844	249954721.9416791	251970161.3963579	252400000	0
CH0311864901	CHF	96	67	1970	1508	35918730.964467004	37028209.54907162	37080000	0
CH0002088976	CHF	64	92	2155	2735	17824519.721577726	19827736.745886654	18020000	0
CH0014786500	CHF	53	55	2371	2301	9351400.253057782	9475484.57192525	9450000	0
CH0012335540	CHF	49	71	3058	4884	7678145.8469587965	7753312.858312858	7750000	0
CH0019396990	CHF	41	52	1487	1897	17360363.147276394	17626968.89826041	17560000	0
JE00BF5FX167	GBX	60	79	85357	111696	34765613.83366332	35111871.06073628	35000000	0
DE000CBK1001	EUR	11	0	561	0	801000.0	0	801000	0
GB00BD6K4575	GBX	584	505	139352	102841	176081490.75721914	178809933.2950866	179250000	0
DE000SHL1006	EUR	11	11	462	77	5420000.0	6750000.0	5420000	0
GB00BF5H9P87	GBX	38	41	10903	12011	74902403.00834633	75807235.03455167	75500000	0
GI000A0F6407	GBX	38	37	30306	37708	25488605.556655448	25856648.986952372	26000000	0
GB00BDHXPG30	GBX	41	47	49320	52832	17591268.24817518	17989701.317383405	17850000	0
DE0005439004	EUR	0	22	0	1012	0	12000000.0	0	0
LU1673108939	EUR	0	11	0	2816	0	680000.0	0	0
GB0000485838	GBX	66	53	21886	30144	84580444.11952847	85872843.6836518	85400000	0
GB0002945029	GBX	27	16	32060	19432	48304154.7099189	49542568.9584191	48800000	0
GB0003718474	GBX	57	60	2944	3331	821259510.8695652	830432152.5067548	833500000	0
GB00BF448H58	GBX	81	95	61182	46882	18675342.094079956	18979226.142229427	18860000	0
GB0004228648	GBX	46	88	5974	8110	206145714.76397723	211131997.53390875	209500000	0
FR0000045072	EUR	0	19	0	1196	0	1443979.933110368	0	0
CH0012138530	CHF	464	819	183143	1946883	871842.081870451	971269.0397933518	893800	0
GB0000197722	GBX	59	66	29510	47071	74118776.6858692	74987433.87648445	75000000	0
GB0001740025	GBX	48	69	16652	25886	53962328.84938746	54967708.41381442	54600000	0
GB00BYM1K758	GBX	34	54	34076	41498	29012723.03087217	29399385.51255482	29400000	0
GB0007918872	GBX	56	68	23863	27668	55790286.21715627	56808099.60965737	56500000	0
GG00BV54HY67	GBX	50	65	166567	186370	10324588.42387748	10485482.534742717	10400000	0
KYG9361H1092	GBX	48	36	34172	27919	73807690.50684771	75697596.61879008	74600000	0
GG00BYXVT888	GBX	40	79	21407	24146	50978820.01214556	52546782.075706124	51500000	0
DE0007100000	EUR	22	0	660	0	5930000.0	0	6800000	0
US7496552057	USD	64	47	16611	10851	1360060.8030822948	1404268.9153073449	1400000	0
DK0010274414	DKK	1	11	6	341	12525000.0	14660000.0	12525000	0
ES0121975009	EUR	0	11	0	55	0	3915000.0	0	0
GB00BDCPN049	EUR	32	44	6675	7200	5094550.561797753	5165312.5	5110000	0
DE0005140008	EUR	33	22	2772	792	1027166.6666666666	1480000.0	1080000	0
DE0005810055	EUR	11	0	88	0	13000000.0	0	13000000	0
DE0008232125	EUR	22	44	2816	43428	523281.25	746149.9493414387	550000	0
DE0005552004	EUR	0	12	0	280	0	5989839.285714285	0	0
IE00BWY4ZF18	GBX	54	69	107631	312607	10572376.545790711	10831545.102956748	10660000	0
DE0005557508	EUR	44	11	10362	2651	1249946.9214437366	1900000.0	1550000	0
GB00B3DGH821	GBX	36	49	60832	73982	12349115.92582851	12591616.339109514	12540000	0
GB0002374006	GBX	884	861	100032	101197	377974062.30006397	381221398.3616115	380450000	0
GB00BY9D0Y18	GBX	307	316	311100	306490	30303398.167791706	30994887.924565237	30920000	0
IE0005042456	GBX	23	13	78878	81522	74084192.423743	74163541.86599936	74270000	0
DE000ENAG999	EUR	11	11	1254	1001	977000.0	1258000.0	977000	0
GB00B7KR2P84	GBX	241	339	163606	142408	60525489.16298913	64002480.1977417	63680000	0
ES0105027009	EUR	0	11	0	55	0	2000000.0	0	0
IT0003428445	EUR	11	0	297	0	1445000.0	0	1445000	0
GB00B01QGK86	GBX	37	55	39550	46902	18675307.71175727	18944423.265532386	18820000	0
US71922G2093	USD	65	46	11012	13446	1967641.2095895386	2017874.3864346275	2004000	0
ES0130670112	EUR	0	22	0	121	0	2608181.8181818184	0	0
IT0003128367	EUR	0	11	0	2486	0	754000.0	0	0
DE0007042301	EUR	0	11	0	2651	0	1840000.0	0	0
IE00B3XXRP09	USD	34	24	17545	17310	8608992.305500142	8617846.44714038	8627000	0
LU0490618542	USD	20	10	13159	8000	8655336.57572764	8670700.0	8671000	0
SE0011166974	SEK	0	11	0	341	0	17410000.0	0	0
GB00BF4HYT85	GBX	71	118	13333	32888	143428440.7110178	155473358.06373146	149200000	0
GB00BF4JDH58	GBX	50	65	86724	107709	24779831.419214983	25109871.505630914	25050000	0
NL0000235190	EUR	0	22	0	209	0	12242105.263157895	0	0
CH0418792922	CHF	435	455	10279	9544	30077954.081136297	32724828.164291702	32220000	0
GB00BD45SH49	GBX	52	43	23179	17019	48611097.97661676	49126799.4594277	49000000	0
GB00BG12Y042	GBX	18	40	6373	10332	90393056.64522202	95311086.91444057	91750000	0
GB00BDCXV269	GBX	79	77	168616	150973	13991869.128671063	14257461.036079299	14115000	0
ZAE000255360	GBX	65	51	160231	156704	6565209.0731506385	6682685.445170512	6635000	0
IE0004906560	EUR	82	80	3952	3854	11010392.206477733	11258914.115204982	11145000	0
GB00B19NLV48	GBX	416	592	41698	61575	315004983.4524438	318023793.74746245	317800000	0
GB0007913485	GBX	43	63	44335	71293	20535031.01387166	21101805.226319555	20600000	0
SE0003051010	SEK	11	11	2200	2200	145501818.1818182	146010909.0909091	146560000	0
SE0005466505	SEK	11	11	202400	202400	1284345.4545454546	1289836.3636363635	1290800	0
SE0001342395	SEK	11	11	3300	3300	66780909.09090909	67069090.90909091	67120000	0
SE0005466513	SEK	11	11	115500	115500	2245409.090909091	2258636.3636363638	2253500	0
IE00B42TW061	GBX	10	13	7000	8248	742250000.0	746782613.9670223	744000000	0
IE00B0M63060	GBX	14	0	7745	0	77280263.39573918	0	79320000	0
LU1650492173	GBX	11	11	47300	47300	117949090.9090909	118038181.81818181	118220000	0
IE00B4QNK008	GBX	11	11	137500	137500	40921818.18181818	40968636.36363637	41075000	0
FR0010446146	EUR	11	11	361900	361900	943627.2727272727	946181.8181818182	944900	0
LU0603940916	EUR	12	7	7320	4270	1424100.0	1462257.142857143	1424200	0
DE0002635273	EUR	12	12	5220	5220	2044250.0	2105750.0	2044500	0
LU0252634307	EUR	11	11	31900	31900	13464545.454545455	13522727.272727273	13534000	0
DE0005933923	EUR	6	18	192	576	28015000.0	28705000.0	28015000	0
DE0005785802	EUR	0	22	0	506	0	6639565.217391305	0	0
DE0005785604	EUR	11	11	319	154	3100000.0	4500000.0	3100000	0
GB00B2QPKJ12	GBX	244	267	92152	90255	62575548.875770465	63878418.924159326	63760000	0
DE0005933972	EUR	0	6	0	1746	0	3219250.0	0	0
GB00BGDT3G23	GBX	481	425	148083	139069	65031257.74059142	65567418.04428018	66160000	0
CH0364749348	CHF	92	77	6246	3957	16184456.452129362	16995355.066969927	16240000	0
IL0011284465	GBX	50	61	11161	11272	146822833.97545022	148902053.761533	148100000	0
CH0435377954	CHF	98	67	27255	18178	1906727.6463034307	1970244.966442953	1974000	0
CH0030170408	CHF	350	374	3065	2845	61031902.12071778	64131768.01405975	62440000	0
US3682872078	EUR	0	11	0	10483	0	889000.0	0	0
FI4000297767	SEK	0	4	0	40	0	10933000.0	0	0
GB00BF8Q6K64	GBX	456	526	433605	506832	24252439.962638807	24554307.443097517	24470000	0
LU0380865021	EUR	11	11	7700	7700	6505272.7272727275	6522000.0	6526000	0
CH0010645932	CHF	490	480	755	716	377994701.98675495	404246089.38547486	387700000	0
GB00B29H4253	GBX	43	43	25608	36476	36644966.41674477	37096381.18214717	37100000	0
GB0009252882	GBX	938	898	228662	211917	163785877.4960422	167972306.5162304	165760000	0
JE00B4T3BW64	GBX	882	1074	735830	926999	39881739.89236645	40842929.933042	40475000	0
DK0010272632	DKK	11	0	814	0	32850000.0	0	32850000	0
US87238U2033	USD	47	35	2969	2917	6700920.175143146	6890121.357559136	6994000	0
IE00BZ12WP82	EUR	22	0	1441	0	25835877.86259542	0	26500000	0
GG00B1W3VF54	GBX	104	119	225992	232096	13395643.474105278	13524334.75803116	13500000	0
US7960502018	USD	48	41	396	335	133125505.05050506	139593432.83582088	139200000	0
GB0002395811	GBX	33	48	4928	6287	214628348.2142857	218966041.0370606	216500000	0
GB00BYWVDP49	GBX	33	52	35973	41333	22911202.84657938	23199616.52916556	23100000	0
IE00BMW3QX54	EUR	20	16	42923	33046	2186060.130932134	2194785.601888277	2190500	0
GG00BYV2ZQ34	GBX	34	42	80696	91963	8942058.590264697	9087807.922751542	9010000	0
JE00B248KJ21	GBX	28	35	18229	17166	38419633.55093532	39247961.08586741	38700000	0
US73181M1172	USD	69	71	5109	5986	7794766.099040908	7962605.245573004	7905000	0
GB00BYRJ5J14	GBX	74	75	210189	223021	14285370.309578523	14416320.884580376	14420000	0
GB00BDFBVT43	GBX	33	53	14152	14959	80802769.92651215	84841633.79905073	84000000	0
GB00B1VZ0M25	GBX	499	489	87040	83922	134752341.4522059	135858236.81513786	136600000	0
FR0007054358	EUR	11	11	12100	12100	4168181.8181818184	4174863.6363636362	4180000	0
US5591892048	USD	69	58	20246	17618	1033671.935197076	1054097.740946759	1050000	0
GB0008085614	GBX	35	32	3584	3927	216886579.24107143	219959638.40081486	218000000	0
USY5217N1183	USD	40	43	8408	8980	2557303.7583254045	2606534.521158129	2580000	0
GB00B17MMZ46	GBX	48	35	121829	113227	9590150.94928137	9758214.913404047	9620000	0
IE00B1FZS350	GBX	2	1	714	357	213450000.0	214300000.0	213700000	0
IE00B441G979	EUR	6	2	744	248	7388000.0	7452000.0	7388000	0
IE00B3ZW0K18	EUR	7	6	658	564	9819571.42857143	10006000.0	9895000	0
IE0031442068	EUR	13	16	22100	27200	4007038.4615384615	4009937.5	4010500	0
IE0031442068	GBX	7	1	4370	623	333792700.22883296	334250000.0	334100000	0
GB00B0LCW083	GBX	405	467	49931	51653	202015319.14041376	205995827.92867792	205000000	0
IE00B1XNH568	EUR	6	6	3378	3378	1617200.0	1654200.0	1617200	0
IE00B42Z5J44	EUR	3	16	474	2528	5812333.333333333	5856812.5	5814000	0
CH0012214059	CHF	480	535	42559	57191	5007993.561878803	5243825.916665209	5120000	0
GB00B1V9NW54	GBX	40	50	7963	8884	104339444.93281427	106390252.13867627	105200000	0
GB0005405286	GBX	821	799	791931	669641	53792645.74817756	55084628.420302816	54670000	0
US37949E2046	USD	52	69	23658	28724	686337.3066193254	705079.376131458	700000	0
BMG4209G2077	GBX	26	44	40762	55551	21880539.473038614	22207139.385429606	22150000	0
FI0009000459	EUR	11	0	1078	0	2950000.0	0	2950000	0
GB00BYYW3C20	GBX	46	49	43256	55760	26792030.00739782	27179954.268292684	27100000	0
ES0137650018	EUR	0	11	0	55	0	3800000.0	0	0
ES0144580Y14	EUR	0	11	0	330	0	1202000.0	0	0
IE0008471009	EUR	11	11	12100	12100	4266045.454545454	4272136.363636363	4275500	0
GB00BLWDVR75	GBX	41	53	138010	171624	9268802.043330193	9405140.481517736	9370000	0
IE0032077012	EUR	22	22	8800	8800	32105454.545454547	32164090.90909091	32155000	0
GB00BGLP8L22	GBX	221	269	36652	41544	166693490.12332207	168336900.63547084	168700000	0
FR0010468983	EUR	10	11	12000	13200	3825050.0	3833181.8181818184	3850500	0
GB0004544929	GBX	609	562	122396	107216	169907823.37658092	176095080.02536935	173250000	0
IE00B5BMR087	EUR	26	22	5200	4400	41078269.23076923	41128636.36363637	41130000	0
IE00B5BMR087	GBX	6	4	360	240	3421333333.3333335	3425500000.0	3425500000	0
IE00B53SZB19	EUR	22	25	4400	5000	74148181.81818181	74248000.0	74250000	0
GB00BD8HBD32	GBX	58	50	207552	198021	9538715.50262103	9687668.782603865	9660000	0
ES0148396007	EUR	0	23	0	127	0	3176913.3858267716	0	0
DE0006231004	EUR	11	2	132	10	2700000.0	3541750.0	2700000	0
GB0005774855	GBX	66	62	25786	20097	64298340.18459629	65580753.34627059	65000000	0
GB00BD8DR117	GBX	34	60	21702	27148	35002449.08303382	35567185.428024165	35300000	0
ES0177542018	GBX	683	756	1350948	1343752	15592678.898077497	16038353.967101073	15888000	0
CH0315966322	CHF	47	68	672	1213	28110863.095238097	28903215.169002473	28350000	0
CH0009691608	CHF	22	39	566	810	21649734.982332155	22024629.62962963	21750000	0
GB0031638363	GBX	410	496	21871	26523	529433203.78583515	534121539.79564905	534400000	0
GB00BGXQNP29	GBX	473	576	160759	192201	66518513.80016049	67333257.16307408	66980000	0
ES0183746314	EUR	0	11	0	55	0	9480000.0	0	0
GB0033986497	GBX	430	432	927423	996030	11243026.585495507	11468908.01983876	11355000	0
GB00B019KW72	GBX	456	465	376264	414430	28992591.185975805	29246922.568346888	29170000	0
LI0315487269	CHF	13	32	646	1487	10032260.061919505	11349401.479488904	10060000	0
GB00BHJYC057	GBX	561	670	25794	30570	483649131.5809878	487375390.9061171	489000000	0
GB00B5N0P849	GBX	43	39	62249	58473	22074798.14936786	22404334.137123115	22410000	0
GB00BZ4BQC70	GBX	245	292	38049	45473	186974978.3174328	188403624.1286038	188350000	0
GB00BJLP1Y77	GBX	50	43	230224	155219	17432715.007992215	17586175.66148474	17520000	0
GB00BG11K365	GBX	38	50	18607	20931	62766943.62336755	64254169.41378816	63560000	0
CH0432492467	CHF	358	427	22691	46018	7017080.428363669	7818224.390455908	7242000	0
GB00BGBN7C04	GBX	40	91	43287	65102	26663208.815579735	27621436.207796995	26930000	0
CH0102484968	CHF	102	105	11345	10528	5482135.2137505505	5709802.241641337	5598000	0
GB00BGJWTR88	GBX	63	79	31077	41382	168567049.58651093	170290831.7626021	170200000	0
DE000KSAG888	EUR	0	22	0	253	0	2028173.9130434783	0	0
GB00BJFFLV09	GBX	530	607	14938	17345	797539898.2460839	803954384.5488614	808200000	0
GB00BJ1F4N75	GBX	60	42	29302	27172	46249375.81052488	47052284.33681731	46560000	0
JE00BJVNSS43	GBX	549	711	16474	21835	1148154667.9616365	1162421708.2665446	1164000000	0
CH0466642201	CHF	98	87	5760	5107	10754609.375	11785809.672997845	11720000	0
GB00BJTRSD38	GBX	50	35	96189	75949	23721692.709145535	24290188.15257607	23950000	0
JE00BJ1DLW90	GBX	53	128	106078	165739	19481411.225701842	20174052.51630576	19730000	0
GG00B1Z5FH87	GBX	16	22	4090	5502	139159951.1002445	142490439.84005815	141800000	0
GB00BZ0D6727	GBX	41	26	7075	4723	158661427.56183746	160789434.6813466	160400000	0
GB00BH3VJ782	GBX	7	27	917	33817	25407808.069792803	28344113.02007866	25570000	0
GB0033195214	GBX	456	567	360884	439867	32834251.144412056	33180493.03539479	33240000	0
GB00BDD85M81	GBX	471	396	192143	150818	60645750.50873568	61116283.600100785	60940000	0
CH0025238863	CHF	114	116	2478	2389	25730694.108151734	25940108.83214734	26120000	0
GB00BYW0PQ60	GBX	538	511	144193	142213	79202191.09110706	80180133.18051092	80040000	0
DE0005470405	EUR	0	11	0	176	0	6914000.0	0	0
GB0005603997	GBX	510	470	609680	541100	29043804.40558982	29264883.01607836	29210000	0
FR0010342592	EUR	7	7	84	84	76790000.0	78164285.71428572	76970000	0
FR0010468983	EUR	11	11	13200	13200	3827545.4545454546	3831545.4545454546	3850500	0
FR0007054358	EUR	11	11	12100	12100	4165818.1818181816	4177454.5454545454	4179500	0
GB0008706128	GBX	514	645	2901961	2474369	5178290.677579747	5518130.967935664	5352000	0
GB00B0SWJX34	GBX	588	594	26806	25641	714875520.4058793	736203322.8033228	729200000	0
CH0013841017	CHF	356	401	4088	4018	61136203.522504896	65438616.2269786	63820000	0
FR0000120321	EUR	0	11	0	88	0	46500000.0	0	0
*SECID(1187) MISSING*	*SECID(1187) MISSING*	6	1	5400	900	7628400.0	7640900.0	7635100	0
GB00BKFB1C65	GBX	466	479	535917	552478	21451074.77463861	21721334.025970265	21640000	0
GB00BKLXD974	GBX	37	46	50753	57298	16201999.881780388	16473346.364620056	16320000	0
GB00BYQ46T41	GBX	45	49	90551	101737	14554312.597320847	14708943.648819996	14640000	0
IE00B010DT83	GBX	43	49	57473	65591	22532195.63969168	23613970.819167264	22820000	0
GB00BJVQC708	GBX	46	65	88875	56829	15382937.158931082	16242384.69795351	15900000	0
GB00BKDTK925	GBX	56	43	49735	40731	23086927.515833918	23424829.245537795	23420000	0
GB0031232498	GBX	29	49	17759	25300	45638405.87870938	46517476.28458498	46600000	0
GB00BKY40Q38	GBX	38	19	35946	29000	17653661.325321317	17964733.103448275	17780000	0
DE000A0TGJ55	EUR	11	0	77	0	7200000.0	0	7200000	0
DE000A2YN900	EUR	11	0	12111	0	1300000.0	0	1300000	0
GB0031274896	GBX	221	296	250691	402171	21061842.906207245	23153558.983616423	21470000	0
GB00BFZNLB60	GBX	37	44	21603	24702	32358615.007174928	32814511.37559712	32740000	0
NL0012015705	GBX	20	17	1889	1791	353224669.1371096	357855388.05136794	364150000	0
GB0031544546	GBX	39	40	762034	785157	1482330.9484878627	1504113.106041212	1496000	0
GB00B45C9X44	GBX	40	36	26927	24157	26640320.124781817	27020333.65070166	26900000	0
SG9999003735	GBX	39	40	1919	1408	499516154.2470037	506566051.1363636	503000000	0
GG00BFYT9H72	GBX	43	79	105997	300493	11475074.577582384	12184269.184307123	11600000	0
GB00BJHPLV88	GBX	48	49	40460	34474	25775802.273850717	26165449.32412833	26180000	0
GB00BHSRZC82	GBX	47	67	57805	69991	22404826.57209584	22936532.55418554	22700000	0
GB0005758098	GBX	318	290	107770	163445	74455345.82908045	75172992.62748937	74920000	0
DE0006599905	EUR	22	11	517	462	17543404.25531915	26940000.0	17840000	0
NL0015435975	EUR	11	0	495	0	1005000.0	0	1005000	0
GB00BK7YQK64	GBX	61	86	514025	474564	3884718.7082340354	4047344.3792618066	4009000	0
LU2197908721	EUR	2	0	132	0	13688000.0	0	13688000	0
GB00BDFGHW41	GBX	43	43	72469	86189	22226672.094274793	22823011.057095453	22600000	0
GB00BYX7JT74	GBX	35	62	91684	163278	10621922.03656036	10892303.923369957	10700000	0
GB00BMTS0Z37	GBX	68	54	40270	22486	47306761.85746213	49366121.14204394	49000000	0
DE000ENER6Y0	EUR	0	11	0	737	0	2600000.0	0	0
GB00BMX64W89	GBX	61	54	49570	50390	29124697.195884608	29582840.642984718	29500000	0
SE0000412371	SEK	11	0	32098	0	8200000.0	0	8200000	0
GB00BMXWN182	GBX	63	66	159172	129330	11897902.646194054	12128003.092863219	12080000	0
GB00B1CRLC47	GBX	559	611	80240	87285	186321747.88135594	187605970.6707911	187600000	0
DE000A14KEB5	EUR	11	0	12947	0	820000.0	0	820000	0
GB00B10RZP78	EUR	0	11	0	198	0	5000000.0	0	0
GB00BMMV6B79	GBX	44	69	19184	19152	69295887.19766472	70588053.46700084	70000000	0
GB00BWXC7Y93	GBX	62	54	45744	41829	30098025.970619097	30931827.201224033	30650000	0
GB00BJ0LT190	GBX	31	38	31841	34513	42494791.30680569	43065494.16162026	42800000	0
GB00BDR05C01	GBX	736	681	195927	178720	108207043.33756961	110346594.78513877	110400000	0
GB0000385517	GBX	17	31	5309	13457	93223262.38462988	96231500.33439845	94500000	0
GB00BY2Z0H74	GBX	18	26	21254	24065	25335172.20287946	25785507.999168918	25600000	0
GB0007388407	GBX	29	61	5320	8102	165800714.2857143	176276351.51814365	167000000	0
GB0006650450	GBX	32	53	3944	5149	216311612.5760649	219246552.72868517	218500000	0
GB0006436108	GBX	74	65	11501	9740	185584853.49100077	188877453.79876795	187400000	0
GB00BFXYH242	GBX	61	51	53917	45936	17528843.221989352	17867397.248345524	17700000	0
GB00BN7CG237	GBX	12	1	883	132	102469139.29784824	116600000.0	116150000	0
GB00BZCNLL95	GBX	30	26	49374	52708	17167493.8226597	17453191.16642635	17280000	0
GG00BJL5FH87	GBX	24	23	61955	55963	10652199.499636833	10878477.922913354	10740000	0
GB0006667470	GBX	4	11	200	550	72800000.0	77109090.9090909	72900000	0
CH0038863350	CHF	1021	812	75179	54725	11605879.381210178	12275200.950205574	12086000	0
GB0008711763	GBX	81	60	60586	38139	23738917.406661604	24336103.463646136	24000000	0
GB0007873697	GBX	50	67	19283	20293	50635492.40263444	51578790.716010444	51200000	0
GB00BLDRH360	GBX	104	47	33707	29001	55620635.17963628	56296324.26468053	55950000	0
GB00BN0SMB92	GBX	59	100	68635	123354	20007758.432286736	20988068.485821296	20200000	0
GB0032089863	GBX	459	542	14568	17114	746170332.2350357	752720123.8751899	754200000	0
GB00BNKVP754	GBX	35	23	144866	79346	10751940.413899742	10879408.968315983	10802000	0
GB00BLGZ9862	GBX	798	818	706797	717846	29840258.504209835	30310245.442615826	30075000	0
JE00BMDZN391	GBX	44	41	53449	92424	13776866.919867538	13992005.431489656	13940000	0
GB00BN4NDR39	GBX	71	68	174073	161504	11500186.013913702	11714839.50861898	11600000	0
GB00BMTV7393	GBX	170	264	241168	316529	12213412.600344988	12376440.831645757	12660000	0
IE00B5BMR087	USD	51	24	2579	2360	46135886.77782086	46428593.220338985	46460000	0
FI0009000681	EUR	1	1	19	21	514900.0	522900.0	514900	0
GG00BGJYPP46	GBX	43	54	67935	62675	18975185.839405313	19373413.64180295	19300000	0
CH0496451508	CHF	49	80	16505	22871	1788972.3114207815	1930329.3253465088	1836000	0
CH0276534614	CHF	43	67	2301	3196	8390369.404606692	8562640.80100125	8520000	0
CH0002178181	CHF	54	15	4304	854	3899921.9330855017	4422386.416861827	4234000	0
CH0528751586	CHF	78	79	3642	3551	8607759.472817134	8929966.206702337	8750000	0
CH0012005267	CHF	876	1070	79004	89187	7829447.774796213	8192223.182750849	7974000	0
CH0468525222	CHF	35	85	1220	2019	12176901.639344262	12631609.707776127	12380000	0
CH0111677362	CHF	60	90	2558	2865	8652208.756841281	8810586.387434555	8750000	0
CH0256379097	CHF	65	108	12604	25108	2372680.498254522	2744405.1696670386	2560000	0
CH0011693600	CHF	37	45	422	601	41259123.222748816	41932529.118136436	41550000	0
CH0011484067	CHF	51	41	525	449	44561523.809523806	45143652.561247215	44850000	0
CH0530235594	CHF	41	40	3099	3127	5443368.828654405	5541071.31435881	5530000	0
AT0000KTMI02	CHF	58	58	3084	3030	9442762.645914396	9591399.339933993	9540000	0
CH0582581713	CHF	52	119	1889	3245	22652302.80571731	25771155.62403698	24200000	0
CH0028422100	CHF	25	34	2835	3710	4301047.619047619	4378177.897574124	4330000	0
CH0039821084	CHF	37	52	132	195	188068181.8181818	195397435.8974359	193000000	0
LI0355147575	CHF	23	21	1919	1781	5610849.400729546	5704553.621560921	5650000	0
CH0017875789	CHF	25	51	679	1670	12984830.633284241	15042694.610778444	14460000	0
CH0386200239	CHF	61	37	2242	1481	12111061.552185548	13113706.954760296	13100000	0
CH0453226893	CHF	24	54	4150	6631	2375522.891566265	2458778.4647866082	2420000	0
CH0025343259	CHF	28	49	970	2176	11144804.12371134	12480762.86764706	11280000	0
CH0118530366	CHF	42	37	6354	2444	5843997.481901164	6011587.561374796	5960000	0
CH0239518779	CHF	30	41	1581	2068	9468349.146110058	9641856.866537718	9540000	0
GB00BMH18Q19	GBX	40	69	15521	20829	48286993.1061143	48850944.356426135	48940000	0
GB00BL6NGV24	GBX	55	64	41133	50915	30628418.544720784	31048037.70990867	31220000	0
GB00BNC5T391	GBX	25	26	55652	61842	14740802.486882772	14933268.733223375	14960000	0
CH1101098163	CHF	103	91	1535	1877	48405928.338762216	52231060.20245072	51900000	0
IE00BDC5DG00	GBX	55	56	32569	24720	43243925.20494949	44371788.02588997	43900000	0
GB00BK9RKT01	GBX	197	265	35116	46552	147176243.02312335	148433999.61333564	148550000	0
GB00BNG2M159	GBX	48	94	62700	117922	28234298.245614037	28909092.450942148	28600000	0
GB0006776081	GBX	490	429	160978	139424	61230611.26365093	61969877.35253615	61620000	0
GB00BNK9TP58	GBX	34	25	42848	39142	16899190.16056759	17242047.417096727	17400000	0
GB0006825383	GBX	449	506	55946	64405	240688192.18532157	242740930.0520146	242000000	0
GB00BMVQDZ64	GBX	33	29	7312	7201	105920842.45076586	107387501.73587002	107600000	0
GB00BMBVGQ36	GBX	72	71	77885	75531	34506454.13109071	36166572.66552806	35040000	0
GB00B0H2K534	GBX	86	65	135258	136426	11510128.864836091	12011833.96126838	11830000	0
GB00BNNTLN49	GBX	435	449	114468	118353	108030420.72893734	109519964.85091211	109400000	0
GB00BL9YR756	GBX	236	268	74888	88339	57323139.08770431	58216507.771199584	59220000	0
GB00BNR4T868	GBX	27	72	10872	26924	65235853.56880059	66509861.0904769	66500000	0
GB00BND88V85	GBX	47	32	34059	29989	38671838.57423882	39233177.16496049	39050000	0
GB00BKPG0S09	GBX	50	80	81762	104060	17119981.654069126	17390855.85239285	17280000	0
GB00BNR5MZ78	GBX	438	516	560209	661932	15189527.90833421	15392295.711644096	15330000	0
GB00BLJNXL82	GBX	497	617	23179	29211	423158591.8288106	428959789.1205368	426600000	0
GB00BL6K5J42	GBX	21	16	2821	3819	150960829.49308756	169085493.58470803	167500000	0
GB00BNYK8G86	GBX	252	224	85648	84133	38548235.5688399	39199094.52890067	39520000	0
GB00BY7QYJ50	GBX	48	60	15839	23788	79013201.59100953	79759147.46931227	80500000	0
GB00BN44P254	GBX	31	42	27449	31282	18284585.959415644	18623786.84227351	18400000	0
GB0008910555	GBX	66	58	18428	19516	83537193.40134577	85040336.13445379	84500000	0
GB00BP37WF17	GBX	35	66	31539	55628	32728548.780874472	33247760.120802473	33050000	0
BMG702782084	GBX	55	23	94161	61063	8269757.118127462	8741570.181615708	8550000	0
GB00BM8Q5M07	GBX	412	561	479084	619213	18488756.940327793	18628509.285173275	18765000	0
GB0007099541	GBX	516	543	143968	161539	123790824.00255613	126286512.54495819	124500000	0
GB00BL9ZF303	GBX	61	46	75912	60120	21565343.42396459	21790463.240186293	21800000	0
GB00BLH3CY60	GBX	22	5	16500	1840	19875000.0	20900000.0	20000000	0
GB00BP6MXD84	GBX	864	802	211380	272600	194000627.87397105	201386385.39985326	197100000	0
GB00BP6MXD84	EUR	0	11	0	4884	0	2576500.0	0	0
AU000000BHP4	GBX	199	105	155406	53487	241973120.0854536	255728979.00424403	247300000	0
GB00B24CGK77	GBX	699	816	33409	39753	602461115.2683408	612176359.0169295	609100000	0
GB00B2B0DG97	GBX	626	809	101420	142676	227318916.38730034	229893499.25705793	230400000	0
ES0173516115	EUR	3	11	27	143	1128733.3333333333	1300000.0	1130200	0
GB0007188757	GBX	801	773	51086	50465	536760096.6996829	546850092.1430695	546100000	0
CH0012032048	CHF	782	808	16612	17337	34077049.4221045	35385571.60985176	34915000	0
GB00B63H8491	GBX	603	759	1076150	1465186	11335571.983459555	11980764.943153976	11598000	0
GB00B7T77214	GBX	686	774	829822	1229102	24743361.214814745	25680231.966102082	25460000	0
DE0007037129	EUR	12	0	5197	0	2700988.070040408	0	3727000	0
FR0000073272	EUR	0	11	0	77	0	12300000.0	0	0
GB00B8C3BL03	GBX	548	552	196567	193096	71922250.42860705	72444928.9472594	72620000	0
DE0007164600	EUR	22	33	572	825	10043076.923076924	13058000.0	10280000	0
GB0002405495	GBX	328	308	20879	20120	336313879.9750946	340618951.2922465	340100000	0
GB00B1FH8J72	GBX	508	529	48300	49978	290896258.79917186	293190413.7820641	293400000	0
CH0002497458	CHF	292	271	612	386	260410947.7124183	267058290.15544042	266500000	0
DE0007236101	EUR	22	11	660	121	12695000.0	15200000.0	12950000	0
GB0009223206	GBX	521	515	131193	148432	124627723.27791879	130365252.10197262	126100000	0
GB00B1WY2338	GBX	467	447	82965	83905	156423330.92267823	157743517.07288003	157850000	0
GB00B1QH8P22	GBX	30	46	13750	12417	73775294.54545455	74604610.61448015	74600000	0
GB0007908733	GBX	583	597	122181	119162	159422929.9154533	161825806.88474515	161100000	0
GB0007669376	GBX	507	496	82383	80867	154465376.35191727	155681173.40818876	155750000	0
GB0004082847	GBX	538	621	304504	518624	54870431.65278617	58764285.06972296	55460000	0
CH0012255151	CHF	134	193	4021	6146	26192434.717731908	29208223.234624147	26820000	0
CH0014852781	CHF	360	292	3063	2578	60180091.41364675	60478836.30721489	60440000	0
CH0126881561	CHF	357	294	19805	19480	9816899.01540015	10334686.601642711	10215000	0
CH0008742519	CHF	370	265	4618	2567	52002304.02771763	53336384.88507986	53420000	0
GB0008754136	GBX	297	294	139927	106749	72385169.40976366	73795741.59945293	73800000	0
GB0008782301	GBX	487	584	751318	872700	15333082.669388995	15673478.205568925	15435000	0
SE0005190238	SEK	0	3	0	24	0	13685000.0	0	0
ES0178430E18	EUR	16	33	722	1034	397762.5346260388	426148.93617021275	420850	0
DE0007500001	EUR	11	11	4455	8393	808000.0	1275000.0	808000	0
FR0000120271	EUR	11	13	528	208	4980000.0	5848846.153846154	4980000	0
GB0001500809	GBX	54	60	389109	242086	4791782.991398297	5286945.977875631	5084000	0
IT0005239360	EUR	0	11	0	385	0	1500000.0	0	0
GB00B10RZP78	GBX	797	925	101387	108950	378016663.87209404	382227095.4566315	380850000	0
GB00B39J2M42	GBX	512	445	144226	134714	107761424.08442307	108720556.88347165	108950000	0
GB00BH4HKS39	GBX	880	896	1948893	1709764	12962933.989705952	13501235.28744318	13200000	0
DE0007664039	EUR	33	22	2222	792	16773267.326732673	23583333.333333332	17300000	0
GB0009465807	GBX	167	285	19871	30330	173196364.0481103	174656871.0847346	174250000	0
GB00B1KJJ408	GBX	460	657	33617	58518	303266716.2447571	315251414.9492464	307200000	0
JE00B8KF9B49	GBX	498	428	150342	124109	117363130.06345533	118239487.0637907	118700000	0
CH0011075394	CHF	511	428	9551	8547	43806742.74945032	44521802.97180297	44450000	0
IE0001827041	GBX	507	469	67355	52667	382286758.22136444	393439905.4436364	386400000	0
GB00BDVZYZ77	GBX	526	591	253638	287882	44350164.722951606	44742619.92760923	45030000	0
DE0005933931	EUR	20	10	27411	28927	13170440.407135822	13177347.25343105	13206000	0
DE0002635307	EUR	11	0	66	0	4500000.0	0	4500000	0
FO0000000179	NOK	4	3	376	282	63055000.0	63993333.333333336	63420000	0
GB00B1Z4ST84	GBX	32	34	20685	22721	31256636.209813874	31743192.641168963	31740000	0
IE0002424939	GBX	500	495	22152	22478	625115709.6424702	629898700.952042	628600000	0
CH0010570759	CHF	76	88	76	88	10781052631.578947	11051363636.363636	11020000000	0
CH0018294154	CHF	189	258	7378	15742	10843529.411764706	11214018.549104307	11000000	0
CH0024638212	CHF	70	88	2382	2736	22932384.55079765	23308728.07017544	23300000	0
CH0012280076	CHF	63	88	400	562	149046250.0	153607918.1494662	153300000	0
CH0012255144	CHF	85	105	12874	12379	4880670.343327637	5762960.659180871	5165000	0
FR0000120222	EUR	37	11	307500	594	2180447.1544715445	2190000.0	2181000	0
FR0000054470	EUR	1	0	15	0	5196000.0	0	5196000	0
DE0006062144	EUR	0	11	0	55	0	5900000.0	0	0
NL0000235190	EUR	0	11	0	132	0	12500000.0	0	0
DE0005565204	EUR	0	11	0	253	0	4390000.0	0	0
DE0005773303	EUR	0	11	0	462	0	7980000.0	0	0
DE0006602006	EUR	11	0	462	0	3750000.0	0	3750000	0
DE000A13SX22	EUR	11	0	275	0	5560000.0	0	5560000	0
DE0008402215	EUR	0	11	0	561	0	20770000.0	0	0
DE0006335003	EUR	11	11	187	187	7890000.0	11090000.0	7890000	0
DE000ZAL1111	EUR	11	0	1045	0	5500000.0	0	5500000	0
GB00BVGBWW93	GBX	57	71	313633	365321	6622242.493615149	6694135.623191658	6680000	0
GB00BJTNFH41	GBX	19	51	59502	85740	9873428.20409398	10001726.673664568	10110000	0
GB00BYM8GJ06	GBX	40	31	26322	22647	34275748.04346174	34758126.90422572	35020000	0
GB0000066554	GBX	46	50	10152	10332	144703329.39322302	146670789.77932638	145600000	0
GB00BBG9VN75	GBX	498	492	37179	34263	289352451.65281475	291961985.2318828	293700000	0
GB00B6XZKY75	GBX	53	41	20181	23322	51609553.54045885	52448100.50596004	52200000	0
GB00BG49KP99	GBX	466	435	607274	537239	24091333.269660812	24442393.27375712	24400000	0
GB0000961622	GBX	46	37	39264	40230	25799741.74816626	26085171.265224956	26000000	0
GG00B1NP5142	GBX	51	39	5320	4078	371285714.28571427	388410985.77734184	380000000	0
GB00B3FLWH99	GBX	45	62	16502	24018	79849257.66573748	83501563.41077526	80700000	0
GB0001765816	GBX	27	44	22042	20843	32965384.26640051	33451343.376673225	33250000	0
GB0002869419	GBX	64	55	13588	14969	148078252.87017956	150623802.52521878	150300000	0
GB00BLY2F708	GBX	35	53	127408	194894	5967292.477709406	6062881.309840221	6040000	0
GB00BV9FP302	GBX	22	49	2615	5219	267435411.08986616	270508871.4313087	270400000	0
GB0002018363	GBX	45	42	3477	3986	320802272.0736267	324475413.9488209	324000000	0
GB0001639920	GBX	33	61	2995	5030	362689649.4156928	371414910.53677934	365500000	0
GB00BF044593	GBX	34	57	31751	34884	21891778.21170987	22271531.361082446	22100000	0
GB00B14SKR37	GBX	48	55	52708	24403	23188253.20634439	23712213.66225464	23500000	0
GB00BYPHNG03	GBX	68	61	77697	65578	30276667.05278196	30710310.469974685	30740000	0
GB0001990497	GBX	72	61	89842	72352	40814831.03670889	41345914.41839894	41150000	0
GB0002318888	GBX	71	54	5452	3746	372624394.71753484	376553069.9412707	376400000	0
GB00B1CKQ739	GBX	50	42	10703	9059	132084892.08633094	133993851.41847886	133700000	0
GB0009633180	GBX	395	459	26510	30364	417486933.23274237	421704821.4991437	424200000	0
GB0001826634	GBX	68	71	9809	9971	286109939.8511571	288739183.6325343	288600000	0
GB00B1VNSX38	GBX	66	56	31025	25436	60719307.01047542	61240710.01729832	61100000	0
GB00BRB37M78	GBX	85	41	21192	10654	64723088.901472256	68217129.71653838	68500000	0
GB0003096442	GBX	481	580	110168	141334	110696051.48500472	112081685.9354437	111900000	0
GB0003052338	GBX	75	63	43980	38392	63865422.91950887	64703966.9722859	64300000	0
GB0002418548	GBX	24	21	46177	40098	13961484.288715161	14181927.527557485	14070000	0
GG00B4ZPCJ00	GBX	59	48	225550	184609	11477335.402349811	11662868.115855673	11580000	0
GB00B62Z3C74	GBX	64	84	59078	55497	29180873.590846	30410973.56613871	29800000	0
GB00BK1PKQ95	GBX	49	52	47116	49964	32110455.04711775	32479257.065086864	32400000	0
GB0007816068	GBX	56	67	37688	46653	87535008.49076629	88491543.95215742	88300000	0
GB0003466074	GBX	20	22	7219	7310	86884748.58013575	88429712.72229822	87100000	0
GB0003395000	GBX	40	47	16041	17423	38385315.75338196	39035283.820237614	38750000	0
GB00B1XH2C03	GBX	49	59	60774	69686	25331519.39974331	25640785.52363459	25740000	0
JE00B6173J15	GBX	41	73	83016	131764	10396481.401175678	10526413.587929936	10540000	0
GB0002074580	GBX	37	47	3321	4780	371890334.2366757	374893263.5983264	377800000	0
GB00B04V1276	GBX	48	42	27902	25413	30157247.509139128	30540651.634989966	30440000	0
GG00B4L0PD47	GBX	27	45	7070	11469	77807355.0212164	78963022.05946465	78300000	0
GB00B012TP20	GBX	15	41	16446	96887	31686748.1454457	38728512.39072321	32000000	0
GB0004270301	GBX	30	50	5825	6473	149643330.472103	151588289.81924918	152200000	0
GB00B1FW5029	GBX	57	88	170968	235144	9908735.143418651	11249611.387064947	10280000	0
GB00BYYTFB60	GBX	57	70	27918	28090	76922406.6910237	77781156.99537201	77500000	0
GG00BR30MJ80	GBX	39	54	11135	16324	274920161.6524472	280364647.14530754	278500000	0
GB00BYXJC278	GBX	42	43	46971	48398	19758203.998211663	20341097.97925534	20100000	0
GB00B188SR50	GBX	68	71	350393	247513	16836991.606567483	16981904.304016355	16940000	0
GB00B1YKG049	GBX	47	18	62139	38709	11849430.148537954	12407305.277842361	12300000	0
GB00B128J450	GBX	55	44	123252	108648	9772912.975043	9878058.776967824	9830000	0
GB00BKZGVH64	GBX	38	48	26616	36938	72975642.47069432	74391326.00573935	73600000	0
GB0001638955	GBX	21	21	6626	6714	89311968.00482947	90736997.31903486	90050000	0
GB00BCRX1J15	GBX	23	34	67505	87103	8831930.227390563	8956464.071271943	8955000	0
GB00B53P2009	GBX	38	95	43219	75815	22792524.121335525	23481762.44806437	23020000	0
GB0004866223	GBX	50	58	11945	8469	83778409.37630808	85120368.40240878	84700000	0
GB00B4WFW713	GBX	66	74	119021	129923	26847040.774317138	27104330.71896431	27060000	0
BMG5361W1047	GBX	66	43	22453	18822	54418287.08858504	55002486.45202423	55000000	0
GB00B1FP6H53	GBX	37	50	28325	48538	25462995.23389232	25814641.311961763	25700000	0
GB00B1JQDM80	GBX	48	72	119827	221910	8261602.017909152	8612348.091568654	8430000	0
GB0006027295	GBX	45	34	20506	19224	32666843.85058032	33130612.775697045	32950000	0
GB0030517261	GBX	66	77	35062	42140	115266487.93565683	116926468.91314666	116800000	0
GB00B1ZBKY84	GBX	76	77	112432	120050	20150811.957449835	20674747.188671388	20320000	0
GB00B012BV22	GBX	52	33	18178	10798	70124766.2009022	71105422.300426	70750000	0
GB0004657408	GBX	43	46	166959	143252	6139386.436190921	6235864.490548125	6200000	0
GB00BZ6STL67	GBX	37	41	136903	135855	9595617.152290307	10053093.113981819	9985000	0
GB0006111909	GBX	37	56	16588	26695	116653243.30841573	118162509.83330211	117400000	0
GG00B3KX4Q34	GBX	35	29	113637	93547	8773039.238980262	8965735.085037468	8840000	0
GB0006215205	GBX	66	51	131977	154936	25030268.1527842	29031033.45897661	25560000	0
GB00BD7XPJ64	GBX	59	86	131219	167997	9902419.161859183	10137789.00813705	10100000	0
GB00B2NGPM57	GBX	51	61	13803	17240	57473284.79316091	58182668.21345708	57900000	0
GB00B02QND93	GBX	29	67	11362	16919	64199859.17972188	66174555.23376086	64800000	0
GB0004220025	GBX	60	58	10179	10636	229300559.97642204	232183076.3444904	231000000	0
GB00BJ62K685	GBX	40	73	19578	28021	41162342.42517111	42173255.05870597	42340000	0
GB00BKRC5K31	GBX	23	63	13837	25884	57248579.8944858	57899891.82506568	58200000	0
GB0006827546	GBX	49	56	377	430	4914761273.209549	4962616279.069767	4940000000	0
GB00B19Z1432	GBX	22	32	36076	44268	19113979.37687105	19376341.375259783	19220000	0
GB0002148343	GBX	42	24	5260	3829	186720228.13688213	188997649.51684514	188200000	0
GB0007366395	GBX	64	60	13360	8852	262378405.68862274	265409737.9123362	264500000	0
GB00B1L5QH97	GBX	33	61	34623	55427	15825983.88354562	16270792.574016273	15960000	0
GG00BBHXCL35	GBX	37	45	40998	46580	50887267.67159373	52202138.25676256	52000000	0
GB0007323586	GBX	78	64	5817	3605	476058449.3725288	503496366.1581137	490200000	0
GB00B1N7Z094	GBX	54	48	13441	16892	128148805.89241871	129323324.65072224	129400000	0
GB0007826091	GBX	39	50	16035	20098	89311568.44402869	90681968.3550602	89900000	0
GB00BYZDVK82	GBX	63	78	12138	17150	163087502.05964738	164964734.69387755	165900000	0
GB00B6YTLS95	GBX	25	43	57511	79105	8870268.20955991	9116247.266291637	9005000	0
GB00B60BD277	GBX	36	21	33176	29724	19142926.211719315	19445808.101197686	19400000	0
GB0008025412	GBX	37	39	141516	146448	4058663.543344922	4124593.3983393423	4102000	0
GB0007958233	GBX	39	46	49178	46438	13874884.297856765	14095324.734054007	14030000	0
GB00BNLPYF73	GBX	54	45	63657	53518	23882758.37692634	24149118.05373893	24050000	0
GB00B135BJ46	GBX	41	39	7172	7095	137764096.48633575	139282959.8308668	139400000	0
GB0009887422	GBX	32	53	30310	41422	36006372.81425272	36337181.20805369	36560000	0
GB0001048619	GBX	53	36	141512	132403	8231212.865340042	8371649.433925213	8350000	0
GB0008794710	GBX	49	68	6932	9391	154194893.24870166	157114854.6480673	156200000	0
GB0008825324	GBX	56	62	12714	13705	122195327.98489854	124385129.51477563	123000000	0
GG00BBHX2H91	GBX	50	47	207851	190430	13195782.363327576	13321317.334453605	13260000	0
GB0009064097	GBX	71	59	40915	40687	48045873.151655875	48821006.709759876	48650000	0
GB00B19Z2J52	GBX	52	71	182763	214750	8512962.361090593	8611363.073341094	8660000	0
GB00B8SC6K54	GBX	62	52	296898	218183	13912968.76368315	14414026.757355064	14420000	0
GB0009123323	GBX	81	46	9029	5513	296753084.5054823	300342753.4917468	300000000	0
GB00B82YXW83	GBX	34	45	17350	18413	45655301.44092219	46289486.77564764	46180000	0
JE00BN574F90	GBX	176	235	7351	8985	430059189.22595567	434520856.983862	433500000	0
GB00B67G5X01	GBX	42	64	9632	13173	81285112.12624584	82385580.3537539	82150000	0
GB0003385308	GBX	57	73	6684	7764	308079518.2525434	312844088.0989181	311500000	0
IT0004965148	EUR	11	11	286	88	5280000.0	7870000.0	5280000	0
CH0244767585	CHF	399	470	182888	249372	1871982.1694151612	1919147.145629822	1905000	0
DE000TUAG000	GBX	255	285	292363	339131	25258446.52025051	25536037.283527605	25730000	0
GB00BRS65X63	GBX	30	86	47693	103930	22104709.2864781	23482585.778889637	22420000	0
GB00B61TVQ02	GBX	53	67	16820	25989	87065927.46730083	87791617.60744931	87750000	0
DE000TUAG000	EUR	0	11	0	31163	0	348000.0	0	0
CH0023405456	CHF	62	81	7937	12623	4507187.476376465	4913801.711162164	4668000	0
AT0000A18XM4	CHF	63	167	29516	84550	1522212.9184171297	1659713.5363690124	1558000	0
DE000A1ML7J1	EUR	18	11	621	121	4653193.236714976	6690000.0	5098000	0
ES0105066007	EUR	0	11	0	55	0	5560000.0	0	0
BE0003816338	EUR	0	11	0	1441	0	994000.0	0	0
DE000EVNK013	EUR	11	0	187	0	2700000.0	0	2700000	0
FI0009003230	EUR	0	11	0	150612	0	72000.0	0	0
GB00B11V7W98	GBX	37	61	17342	27453	98302110.48321992	99216224.09208466	99000000	0
GB00B0N8QD54	GBX	86	78	25584	40397	92268499.84365228	95767257.46961407	93300000	0
GB0001859296	GBX	72	84	25118	21323	104921940.44111793	106759470.9937626	105850000	0
GB0007668071	GBX	54	66	11953	13051	129857918.51418054	131168293.61734733	131700000	0
JE00B5TT1872	GBX	118	49	327933	193026	8825258.500974284	9465544.196118658	8994000	0
GB00B15FWH70	GBX	55	41	364463	199721	3578316.8497213707	3837028.8352251393	3726000	0
GB00B8VZXT93	GBX	38	25	23895	19992	33175642.603055034	33610496.19847939	33560000	0
GB00BD6GN030	GBX	52	54	60568	64654	19423270.704002112	19662764.87146967	19785000	0
GB00BYN59130	GBX	26	48	21535	38527	39117545.39122359	39643600.59179277	39380000	0
GB0006886666	GBX	26	28	8712	9297	91806634.52708907	92984823.06120254	92700000	0
GB00B0744359	GBX	27	57	23121	61377	33506273.51758142	36539123.7760073	33800000	0
GB0003452173	GBX	56	46	77808	82125	10193325.365001028	10390668.127853882	10370000	0
JE00B55Q3P39	GBX	41	78	82021	130312	14458768.851879397	15306243.170237584	14740000	0
IE0003864109	GBX	18	37	48716	74471	12523745.176122835	12708879.295296155	12600000	0
GB00B63QSB39	GBX	237	257	17049	16873	276121666.959939	278897137.43851125	278000000	0
GB0004161021	GBX	59	50	164046	121607	14676716.104019605	14812449.694507718	14790000	0
GB0004052071	GBX	420	541	48275	62508	249124223.71828067	251223798.55378512	252000000	0
GB0004478896	GBX	29	54	31999	41030	22263212.91290353	22726374.60394833	22600000	0
GB0005576813	GBX	190	261	51589	60633	81100320.9986625	82063610.57509936	82260000	0
GB00BYT1DJ19	GBX	566	532	61575	57248	193831547.70604953	195276061.1724427	195100000	0
GB00B06QFB75	GBX	66	106	22863	35778	79898460.3945239	85163114.2042596	81950000	0
GB00B17BBQ50	GBX	50	61	33287	48059	43529974.464505665	44069051.7905075	43940000	0
GB00B3MBS747	GBX	496	499	70292	68154	148412467.279349	149930719.40018195	151550000	0
GB00B7N0K053	GBX	80	63	155648	148229	11382392.321134869	11739822.301978694	11540000	0
JE00B6T5S470	GBX	516	463	142917	131256	104561020.03260633	106178260.42238069	105950000	0
IM00B7S9G985	GBX	63	80	46124	63072	64243261.64252883	65510299.340436324	65950000	0
GB00B0WMWD03	GBX	49	28	41821	33644	26390544.463307906	26684826.417786233	26540000	0
GB00BVFNZH21	GBX	35	73	37978	65766	33603268.207909845	33884520.87704893	34100000	0
GB00B082RF11	GBX	383	532	222610	308093	51475480.25695162	51875301.93805117	52100000	0
AU000000S320	GBX	44	115	79963	171676	20970987.206583045	21297148.407465227	21250000	0
GB0007990962	GBX	54	39	21676	18339	61350253.73685182	62076680.84410273	61800000	0
GB00B572ZV91	GBX	33	31	381903	377368	2578172.755909223	2627003.7735049077	2635000	0
IE00B1RR8406	GBX	593	659	46726	52658	399375439.7979711	402942436.0970793	402000000	0
GB0004726096	GBX	44	44	59725	56013	24440926.245290916	24794086.72986628	24680000	0
GB0009039941	GBX	41	46	42772	49100	25692478.72439914	26045752.545824848	26250000	0
GB0009292243	GBX	64	74	10269	11734	204756198.26662773	209443838.4182717	206800000	0
NO0005668905	NOK	11	0	198	0	39500000.0	0	39500000	0
SE0000862997	SEK	11	0	341	0	12460000.0	0	12460000	0
SE0000379190	SEK	0	11	0	935	0	27560000.0	0	0
SE0007185418	SEK	11	0	22000	0	10800000.0	0	10800000	0
SE0006422390	SEK	0	11	0	121	0	59800000.0	0	0
SE0000114837	SEK	0	12	0	2656	0	28690304.96987952	0	0
CH0011339204	CHF	48	55	14888	20268	1179985.3573347663	1202794.4543122163	1194000	0
CH0001752309	CHF	81	95	443	654	128497968.3972912	134760091.74311927	132700000	0
CH0012268360	CHF	21	33	36309	44772	322571.1393869289	329253.7970159921	327000	0
CH0010570767	CHF	73	63	186	158	1076268817.204301	1110512658.227848	1109000000	0
CH0108503795	CHF	82	229	1204110	3749466	32761.357101925903	41885.44779976668	34460	0
CH0276837694	CHF	74	40	21705	13643	1381439.6682791982	1489438.6865059005	1480000	0
CH0024608827	CHF	443	518	1534	1650	126256388.52672751	136114878.78787878	130750000	0
CH0008038389	CHF	117	84	7683	5296	8875811.531953664	8995415.407854985	8970000	0
GB00B635TG28	GBX	43	92	543507	1099122	2019941.4671752157	2141815.790239846	2050000	0
LU1681046931	EUR	0	3	0	249	0	10956000.0	0	0
FR0010655712	EUR	1	7	32	224	28175000.0	28250714.285714287	28175000	0
LU1834983550	EUR	5	0	500	0	9069160.0	0	9098200	0
*SECID(3452) MISSING*	*SECID(3452) MISSING*	23	26	4600	5200	41095191.30434783	41117176.92307692	41132000	0
*SECID(3455) MISSING*	*SECID(3455) MISSING*	11	11	12100	12100	4262681.818181818	4276954.545454546	4275000	0
FR0010361683	EUR	3	11	1143	4191	2383033.3333333335	2392763.6363636362	2387200	0
IL0010849045	GBX	18	23	76327	100457	5316059.585729821	5422284.061837403	5750000	0
GB00BYZN9041	GBX	249	169	19647	15782	321821204.2551026	326735724.2428083	331200000	0
GB00B0YG1K06	GBX	31	25	74857	75223	9994027.545854095	10129000.970447868	10080000	0
CH0019107025	CHF	15	26	358	416	19316312.849162012	19652836.53846154	19540000	0
IE00B44Z5B48	USD	1	1	147	53	19228000.0	19324000.0	19228000	0
LU0411075020	EUR	10	10	2098682	2581798	137220.28937209162	137426.59563606448	137780	0
LU0411075376	EUR	10	10	26000	25271	14747800.0	14790871.117090736	14818000	0
DE000ETFL060	EUR	10	10	59000	59000	6562100.0	6583000.0	6583000	0
LU0252633754	EUR	10	10	26975	27000	14517412.418906394	14540400.0	14558000	0
*SECID(764) MISSING*	*SECID(764) MISSING*	0	2	0	134	0	31710000.0	0	0
*SECID(765) MISSING*	*SECID(765) MISSING*	1	0	319	0	8127000.0	0	8127000	0
LU0292106241	EUR	10	10	206196	267713	1371458.5462375605	1373698.8999413552	1373600	0
FR0010208488	EUR	1	0	59	0	1397400.0	0	1397400	0
IE00B4L5Y983	GBX	0	2	0	660	0	631050000.0	0	0
IE00B0M63177	GBX	4	0	2393	0	348124926.8700376	0	348350000	0
LU0252633754	EUR	8	10	21550	14603	14518264.501160093	14534728.754365541	14558000	0
LU0274211480	EUR	10	10	26000	26000	14845800.0	14884400.0	14888000	0
GB0006640972	GBX	31	37	2655	2841	271220527.306968	275230376.6279479	274000000	0
*SECID(1164) MISSING*	*SECID(1164) MISSING*	4	4	848	848	4248500.0	4255750.0	4257000	0
*SECID(1165) MISSING*	*SECID(1165) MISSING*	8	4	13600	6800	4007012.5	4011200.0	4010900	0
LU0252634307	EUR	10	10	27014	29000	13463832.087065965	13503200.0	13522000	0
CH0406705126	CHF	52	71	2054	2164	11345735.150925023	12093040.665434381	11520000	0
GB00BMT9K014	GBX	16	32	17986	21129	30664234.404536862	31200031.236688912	31120000	0
NO0010161896	NOK	0	1	0	37	0	21440000.0	0	0
LU0274211480	EUR	10	10	26000	26000	14862400.0	14872200.0	14902000	0
DE000ETFL011	EUR	8	10	16108	21804	13944167.121926993	13957721.70243992	13986000	0
FR0010869495	EUR	10	10	2781000	2558950	141270.0	141738.66898532602	141880	0
LU1829219390	EUR	10	10	2000	2000	10638500.0	10651200.0	10673000	0
LU0252633754	EUR	10	9	27000	11843	14515800.0	14528723.465338174	14558000	0
*SECID(3457) MISSING*	*SECID(3457) MISSING*	0	4	0	272	0	13136000.0	0	0
GB0000667013	GBX	40	42	9103	5116	109860419.64187631	111532877.24784988	111000000	0
*SECID(766) MISSING*	*SECID(766) MISSING*	0	1	0	348	0	2736000.0	0	0
SE0000202624	SEK	0	1	0	5	0	37820000.0	0	0
DK0060534915	DKK	0	2	0	10	0	68815000.0	0	0
FR0010655761	EUR	0	2	0	78	0	23080000.0	0	0
DE000A1J5RX9	EUR	0	2	0	78	0	260000.0	0	0
*SECID(742) MISSING*	*SECID(742) MISSING*	1	0	203	0	12770000.0	0	12770000	0
SE0000115420	SEK	1	0	5	0	21220000.0	0	21220000	0
LU1834988278	EUR	1	0	190	0	4723500.0	0	4723500	0
DK0060738599	DKK	0	1	0	5	0	29630000.0	0	0
GB0003450359	GBX	30	31	13560	11122	80737359.8820059	81781100.52148893	81100000	0
*SECID(3459) MISSING*	*SECID(3459) MISSING*	0	6	0	1344	0	4070916.6666666665	0	0
SE0000382335	SEK	56	36	7150	4000	93268391.60839161	94030750.0	93580000	0
BMG3682E1921	NOK	10	11	16168	19010	5954502.226620485	6019522.88269332	5996000	0
AT0000A21KS2	EUR	10	0	3903	0	2305537.2790161413	0	2306000	0
US01609W1027	EUR	34	63	2480	4360	10620806.451612903	10705688.073394496	10660000	0
CH0346177709	CHF	0	3	0	10390	0	134745.42829643888	0	0
SE0015811559	SEK	0	1	0	5	0	39010000.0	0	0
DE000A0HN5C6	EUR	1	0	5	0	3652000.0	0	3652000	0
FR0010405431	EUR	3	1	9996	8651	105000.0	106120.0	105000	0
NL0009767532	EUR	6	0	2400	0	5730000.0	0	5730000	0
FR0010261198	EUR	1	0	57	0	15878000.0	0	15878000	0
DK0060952919	DKK	3	0	15	0	45653333.333333336	0	45780000	0
DK0060336014	DKK	4	0	20	0	42582500.0	0	42730000	0
FI0009002422	EUR	0	1	0	17	0	595800.0	0	0
DK0061539921	DKK	4	0	20	0	16875000.0	0	16985000	0
DE000PSM7770	EUR	2	0	27	0	1375814.8148148148	0	1377500	0
ES0173093024	EUR	4	0	24	0	1793500.0	0	1795500	0
SE0007100599	SEK	2	0	22	0	10027500.0	0	10040000	0
ES0113860A34	EUR	4	0	564	0	74955.99290780142	0	75020	0
IE00B1TXLS18	GBX	4	0	7029	0	66287646.891449705	0	66320000	0
FI0009013403	EUR	0	3	0	15	0	5590666.666666667	0	0
SE0000108656	SEK	2	0	21	0	11507714.285714285	0	11512000	0
ES0113211835	EUR	0	2	0	36	0	560580.5555555555	0	0
*SECID(763) MISSING*	*SECID(763) MISSING*	0	1	0	206	0	12560000.0	0	0
NL0015000MZ1	EUR	0	1	0	189	0	75380.0	0	0
SE0000108227	SEK	0	1	0	5	0	20010000.0	0	0
SE0000115446	SEK	1	0	5	0	20985000.0	0	20985000	0
DK0060542181	DKK	0	3	0	18	0	13456666.666666666	0	0
SE0000667891	SEK	1	0	5	0	24380000.0	0	24380000	0
FI0009000665	EUR	0	1	0	10	0	969000.0	0	0
SE0007100581	SEK	0	1	0	5	0	25130000.0	0	0
ES0165386014	EUR	1	0	7	0	1511500.0	0	1511500	0
ES0105223004	EUR	1	0	25	0	411600.0	0	411600	0
