ISIN	Currency	Total Buy Count	Total Sell Count	Total Buy Quantity	Total Sell Quantity	Weighted Average Buy Price	Weighted Average Sell Price	Max Buy Price	Min Sell Price
IE00BWT6H894	GBX	448	612	14525	23305	1.1056230981067126E9	1.1129962883501394E9	1119500000	1099500000
CH0012335540	CHF	49	71	3058	4884	7678145.8469587965	7753312.858312858	7750000	7700000
GB00B39J2M42	GBX	512	445	144226	134714	1.0776142408442307E8	1.0872055688347165E8	108950000	108050000
GB00BLY2F708	GBX	35	53	127408	194894	5967292.477709406	6062881.309840221	6040000	6000000
SE0003366871	SEK	0	11	0	32802	0.0	182000.0	0	182000
CH0002432174	CHF	69	71	717	888	4.208769874476987E7	4.249594594594595E7	42400000	42160000
CH0530235594	CHF	41	40	3099	3127	5443368.828654405	5541071.31435881	5530000	5480000
GB0008782301	GBX	487	584	751318	872700	1.5333082669388995E7	1.5673478205568925E7	15435000	15340000
FI0009003230	EUR	0	11	0	150612	0.0	72000.0	0	72000
SE0000862997	SEK	11	0	341	0	1.246E7	0.0	12460000	0
ES0113860A34	EUR	4	0	564	0	74955.99290780142	0.0	75020	0
US55315J1025	USD	65	64	13917	17432	2770050.2981964503	2822207.0904084444	2802000	2783000
GB00BYYW3C20	GBX	46	49	43256	55760	2.679203000739782E7	2.7179954268292684E7	27100000	26850000
CH0025343259	CHF	28	49	970	2176	1.114480412371134E7	1.248076286764706E7	11280000	11180000
GB00B7N0K053	GBX	80	63	155648	148229	1.1382392321134869E7	1.1739822301978694E7	11540000	11500000
GB0003308607	GBX	259	263	16474	17598	3.408074602403788E8	3.43580912603705E8	342900000	341200000
CH0371153492	CHF	92	72	6791	5835	5791619.05463113	6131572.407883462	6135000	6035000
GB00B19NLV48	GBX	416	592	41698	61575	3.150049834524438E8	3.1802379374746245E8	317800000	314600000
IE00B42TW061	GBX	10	13	7000	8248	7.4225E8	7.467826139670223E8	744000000	744600000
GB0008706128	GBX	514	645	2901961	2474369	5178290.677579747	5518130.967935664	5352000	5290000
IT0005239360	EUR	0	11	0	385	0.0	1500000.0	0	1500000
MISSING	MISSING	23	26	4600	5200	4.109519130434783E7	4.111717692307692E7	41132000	41057000
CH0012453913	CHF	68	102	3576	5386	1.075972119686801E7	1.1642721871518752E7	11130000	11025000
US67812M2070	USD	86	45	48950	39385	724936.7231869254	743011.9233210613	745000	736400
SG9999003735	GBX	39	40	1919	1408	4.995161542470037E8	5.065660511363636E8	503000000	502000000
GB00BLWDVP51	GBX	49	60	7656	16112	1.0492115987460814E8	1.17115317775571E8	106400000	105200000
CH0238627142	CHF	63	58	1325	1500	2.8449396226415094E7	2.89833E7	29050000	28650000
GB0002395811	GBX	33	48	4928	6287	2.146283482142857E8	2.189660410370606E8	216500000	216500000
JE00BJVNSS43	GBX	549	711	16474	21835	1.1481546679616365E9	1.1624217082665446E9	1164000000	1154500000
BE0003816338	EUR	0	11	0	1441	0.0	994000.0	0	994000
GB0004228648	GBX	46	88	5974	8110	2.0614571476397723E8	2.1113199753390875E8	209500000	205500000
GB0007668071	GBX	54	66	11953	13051	1.2985791851418054E8	1.3116829361734733E8	131700000	129600000
US7960508882	USD	186	175	2238	6885	1.4464059428060767E8	1.8025698620188817E8	152550000	152200000
GB00B8SC6K54	GBX	62	52	296898	218183	1.391296876368315E7	1.4414026757355064E7	14420000	14340000
GB00B71N6K86	GBX	471	477	185385	181287	5.0631948215875074E7	5.117111022853266E7	51400000	50600000
GB00BLDYK618	GBX	489	466	138668	129351	1.0610604321112297E8	1.0845246731760868E8	108600000	106300000
GB0003466074	GBX	20	22	7219	7310	8.688474858013575E7	8.842971272229822E7	87100000	87700000
GB0007323586	GBX	78	64	5817	3605	4.760584493725288E8	5.034963661581137E8	490200000	483800000
CH0012684657	CHF	51	64	3161	3017	7299633.0275229355	7730000.0	7730000	7660000
LU1650492173	GBX	11	11	47300	47300	1.179490909090909E8	1.1803818181818181E8	118220000	117820000
GB0031274896	GBX	221	296	250691	402171	2.1061842906207245E7	2.3153558983616423E7	21470000	21310000
GB0009633180	GBX	395	459	26510	30364	4.1748693323274237E8	4.217048214991437E8	424200000	417000000
GB00B012BV22	GBX	52	33	18178	10798	7.01247662009022E7	7.1105422300426E7	70750000	70600000
GB0009887422	GBX	32	53	30310	41422	3.600637281425272E7	3.633718120805369E7	36560000	35980000
CH0003541510	CHF	36	52	153	232	1.7728366013071895E8	1.7936637931034482E8	178800000	177800000
GI000A0F6407	GBX	38	37	30306	37708	2.5488605556655448E7	2.5856648986952372E7	26000000	25520000
BMG4209G2077	GBX	26	44	40762	55551	2.1880539473038614E7	2.2207139385429606E7	22150000	22050000
GB0005603997	GBX	510	470	609680	541100	2.904380440558982E7	2.926488301607836E7	29210000	29120000
GB00BK9RKT01	GBX	197	265	35116	46552	1.4717624302312335E8	1.4843399961333564E8	148550000	147300000
GB00BNK9TP58	GBX	34	25	42848	39142	1.689919016056759E7	1.7242047417096727E7	17400000	16890000
GB0007816068	GBX	56	67	37688	46653	8.753500849076629E7	8.849154395215742E7	88300000	88000000
GB0002074580	GBX	37	47	3321	4780	3.718903342366757E8	3.748932635983264E8	377800000	369600000
CH0468525222	CHF	35	85	1220	2019	1.2176901639344262E7	1.2631609707776127E7	12380000	12200000
GB00BP6MXD84	GBX	864	802	211380	272600	1.9400062787397105E8	2.0138638539985326E8	197100000	194780000
GB0000961622	GBX	46	37	39264	40230	2.579974174816626E7	2.6085171265224956E7	26000000	25880000
JE00B248KJ21	GBX	28	35	18229	17166	3.841963355093532E7	3.924796108586741E7	38700000	38800000
GB00B019KW72	GBX	456	465	376264	414430	2.8992591185975805E7	2.9246922568346888E7	29170000	29060000
GB00BMT9K014	GBX	16	32	17986	21129	3.0664234404536862E7	3.1200031236688912E7	31120000	30820000
DE0007500001	EUR	11	11	4455	8393	808000.0	1275000.0	808000	1275000
GB0004161021	GBX	59	50	164046	121607	1.4676716104019605E7	1.4812449694507718E7	14790000	14700000
US87238U2033	USD	47	35	2969	2917	6700920.175143146	6890121.357559136	6994000	6712000
GB0031232498	GBX	29	49	17759	25300	4.563840587870938E7	4.651747628458498E7	46600000	45800000
GB00BMTV7393	GBX	170	264	241168	316529	1.2213412600344988E7	1.2376440831645757E7	12660000	11990000
GB00B1FP6H53	GBX	37	50	28325	48538	2.546299523389232E7	2.5814641311961763E7	25700000	25580000
GB00B572ZV91	GBX	33	31	381903	377368	2578172.755909223	2627003.7735049077	2635000	2585000
GB00BHJYC057	GBX	561	670	25794	30570	4.836491315809878E8	4.873753909061171E8	489000000	482400000
GB00BKDTK925	GBX	56	43	49735	40731	2.3086927515833918E7	2.3424829245537795E7	23420000	23060000
GB00BP37WF17	GBX	35	66	31539	55628	3.2728548780874472E7	3.3247760120802473E7	33050000	32750000
GB0002634946	GBX	679	704	384994	407274	5.726577338867619E7	5.818481670816207E7	57760000	57440000
GB00B0YG1K06	GBX	31	25	74857	75223	9994027.545854095	1.0129000970447868E7	10080000	10040000
DE0005565204	EUR	0	11	0	253	0.0	4390000.0	0	4390000
GB0030517261	GBX	66	77	35062	42140	1.1526648793565683E8	1.1692646891314666E8	116800000	115800000
GB00B67G5X01	GBX	42	64	9632	13173	8.128511212624584E7	8.23855803537539E7	82150000	81550000
CH0019107025	CHF	15	26	358	416	1.9316312849162012E7	1.965283653846154E7	19540000	19400000
GB0002374006	GBX	884	861	100032	101197	3.7797406230006397E8	3.812213983616115E8	380450000	379500000
NL0000235190	EUR	0	22	0	209	0.0	1.2242105263157895E7	0	11800000
AU000000BHP4	GBX	199	105	155406	53487	2.419731200854536E8	2.5572897900424403E8	247300000	245050000
GB0007908733	GBX	583	597	122181	119162	1.594229299154533E8	1.6182580688474515E8	161100000	160550000
BMG5361W1047	GBX	66	43	22453	18822	5.441828708858504E7	5.500248645202423E7	55000000	54500000
CH0012410517	CHF	112	118	5835	5918	1.572054498714653E7	1.633051030753633E7	16090000	16000000
NL0011832936	CHF	38	45	3797	4572	5486800.105346326	5572071.303587052	5540000	5520000
GB0033986497	GBX	430	432	927423	996030	1.1243026585495507E7	1.146890801983876E7	11355000	11255000
FR0007054358	EUR	11	11	12100	12100	4165818.1818181816	4177454.5454545454	4179500	4166500
AU000000S320	GBX	44	115	79963	171676	2.0970987206583045E7	2.1297148407465227E7	21250000	21050000
US71922G2093	USD	65	46	11012	13446	1967641.2095895386	2017874.3864346275	2004000	1973000
GB00BG11K365	GBX	38	50	18607	20931	6.276694362336755E7	6.425416941378816E7	63560000	62920000
GB00BDD85M81	GBX	471	396	192143	150818	6.064575050873568E7	6.1116283600100785E7	60940000	60780000
GB0006436108	GBX	74	65	11501	9740	1.8558485349100077E8	1.8887745379876795E8	187400000	187200000
CH0010570767	CHF	73	63	186	158	1.076268817204301E9	1.110512658227848E9	1109000000	1101000000
ES0113900J37	EUR	3	22	131	1100	318566.41221374046	340000.0	318700	340000
GB00BM8Q5M07	GBX	412	561	479084	619213	1.8488756940327793E7	1.8628509285173275E7	18765000	18420000
FR0000054470	EUR	1	0	15	0	5196000.0	0.0	5196000	0
GB0002162385	GBX	645	561	452644	365192	4.386430318307544E7	4.413605793664703E7	44050000	43880000
GB0007980591	GBX	937	1349	943823	1482904	3.8403012111381054E7	4.079159795913964E7	39395000	39080000
CH0100837282	CHF	46	59	1138	1249	2.613462214411248E7	2.646961569255404E7	26350000	26300000
CH0038388911	CHF	24	15	1548	875	7639912.790697674	8757965.714285715	8665000	8655000
GB00BFZNLB60	GBX	37	44	21603	24702	3.2358615007174928E7	3.281451137559712E7	32740000	32520000
GB00BNG2M159	GBX	48	94	62700	117922	2.8234298245614037E7	2.8909092450942148E7	28600000	28400000
GB00B0744359	GBX	27	57	23121	61377	3.350627351758142E7	3.65391237760073E7	33800000	33750000
GB0004726096	GBX	44	44	59725	56013	2.4440926245290916E7	2.479408672986628E7	24680000	24520000
CH0038389992	CHF	71	76	7881	15761	6438264.814109884	7212578.1993528325	6715000	6680000
CH0011432447	CHF	31	60	4294	5165	4294700.978108989	4378396.127783156	4360000	4286000
FR0010468983	EUR	10	11	12000	13200	3825050.0	3833181.8181818184	3850500	3812000
CH0012032048	CHF	782	808	16612	17337	3.40770494221045E7	3.538557160985176E7	34915000	34685000
GB00B635TG28	GBX	43	92	543507	1099122	2019941.4671752157	2141815.790239846	2050000	2025000
GB00BGXQNP29	GBX	473	576	160759	192201	6.651851380016049E7	6.733325716307408E7	66980000	66700000
GB00BJHPLV88	GBX	48	49	40460	34474	2.5775802273850717E7	2.616544932412833E7	26180000	25860000
DE000A13SX22	EUR	11	0	275	0	5560000.0	0.0	5560000	0
GB00BJTNFH41	GBX	19	51	59502	85740	9873428.20409398	1.0001726673664568E7	10110000	9730000
GB0007366395	GBX	64	60	13360	8852	2.6237840568862274E8	2.654097379123362E8	264500000	264000000
GB00B02J6398	GBX	542	527	49316	48324	3.045233129207559E8	3.077117312308584E8	309000000	305600000
CH0244017502	CHF	51	61	342	405	1.1243391812865497E8	1.1984148148148148E8	119800000	118200000
DE0005140008	EUR	33	22	2772	792	1027166.6666666666	1480000.0	1080000	1320000
GB0004052071	GBX	420	541	48275	62508	2.4912422371828067E8	2.5122379855378512E8	252000000	248900000
SE0000695876	SEK	11	0	935	0	2.48E7	0.0	24800000	0
GB0005758098	GBX	318	290	107770	163445	7.445534582908045E7	7.517299262748937E7	74920000	74580000
MISSING	MISSING	0	1	0	348	0.0	2736000.0	0	2736000
AT0000KTMI02	CHF	58	58	3084	3030	9442762.645914396	9591399.339933993	9540000	9480000
GB00BK1PKQ95	GBX	49	52	47116	49964	3.211045504711775E7	3.2479257065086864E7	32400000	32200000
GB00B1YKG049	GBX	47	18	62139	38709	1.1849430148537954E7	1.2407305277842361E7	12300000	12240000
GB0008794710	GBX	49	68	6932	9391	1.5419489324870166E8	1.571148546480673E8	156200000	154600000
GB00BMJ6DW54	GBX	471	403	199868	165568	5.4270991454359874E7	5.484178005411674E7	54860000	54080000
GG00BV54HY67	GBX	50	65	166567	186370	1.032458842387748E7	1.0485482534742717E7	10400000	10420000
MISSING	MISSING	0	4	0	272	0.0	1.3136E7	0	13127000
ES0130625512	EUR	0	11	0	550	0.0	287000.0	0	287000
IE00B5BMR087	GBX	6	4	360	240	3.4213333333333335E9	3.4255E9	3425500000	3418500000
GB00B10RZP78	GBX	797	925	101387	108950	3.7801666387209404E8	3.822270954566315E8	380850000	378200000
CH0024638212	CHF	70	88	2382	2736	2.293238455079765E7	2.330872807017544E7	23300000	23100000
GB0002945029	GBX	27	16	32060	19432	4.83041547099189E7	4.95425689584191E7	48800000	49300000
IE00BWY4ZF18	GBX	54	69	107631	312607	1.0572376545790711E7	1.0831545102956748E7	10660000	10640000
GB00BDR05C01	GBX	736	681	195927	178720	1.0820704333756961E8	1.1034659478513877E8	110400000	109900000
GB00B4Y7R145	GBX	55	58	155618	172790	1.0240329846161755E7	1.0363677874877019E7	10360000	10240000
GB00BDFGHW41	GBX	43	43	72469	86189	2.2226672094274793E7	2.2823011057095453E7	22600000	22550000
GG00BBHX2H91	GBX	50	47	207851	190430	1.3195782363327576E7	1.3321317334453605E7	13260000	13260000
LU0292106241	EUR	10	10	206196	267713	1371458.5462375605	1373698.8999413552	1373600	1370000
SE0000412371	SEK	11	0	32098	0	8200000.0	0.0	8200000	0
GB00BDCXV269	GBX	79	77	168616	150973	1.3991869128671063E7	1.4257461036079299E7	14115000	14035000
SE0005190238	SEK	0	3	0	24	0.0	1.3685E7	0	13675000
DE0002635307	EUR	11	0	66	0	4500000.0	0.0	4500000	0
GB0008025412	GBX	37	39	141516	146448	4058663.543344922	4124593.3983393423	4102000	4082000
GB00BDHXPG30	GBX	41	47	49320	52832	1.759126824817518E7	1.7989701317383405E7	17850000	17600000
GG00B4L0PD47	GBX	27	45	7070	11469	7.78073550212164E7	7.896302205946465E7	78300000	78300000
GB00B17BBQ50	GBX	50	61	33287	48059	4.3529974464505665E7	4.40690517905075E7	43940000	43710000
FR0007054358	EUR	11	11	12100	12100	4168181.8181818184	4174863.6363636362	4180000	4164000
GB00BY2Z0H74	GBX	18	26	21254	24065	2.533517220287946E7	2.5785507999168918E7	25600000	25500000
GB0008711763	GBX	81	60	60586	38139	2.3738917406661604E7	2.4336103463646136E7	24000000	24050000
CH0108503795	CHF	82	229	1204110	3749466	32761.357101925903	41885.44779976668	34460	33760
IE00B5BMR087	USD	51	24	2579	2360	4.613588677782086E7	4.6428593220338985E7	46460000	46326000
CH0276837694	CHF	74	40	21705	13643	1381439.6682791982	1489438.6865059005	1480000	1478000
DE0005470405	EUR	0	11	0	176	0.0	6914000.0	0	6914000
ES0173093024	EUR	4	0	24	0	1793500.0	0.0	1795500	0
SE0000108656	SEK	2	0	21	0	1.1507714285714285E7	0.0	11512000	0
GB00B19Z1432	GBX	22	32	36076	44268	1.911397937687105E7	1.9376341375259783E7	19220000	19260000
GB0001859296	GBX	72	84	25118	21323	1.0492194044111793E8	1.067594709937626E8	105850000	105200000
GB00BF4HYT85	GBX	71	118	13333	32888	1.434284407110178E8	1.5547335806373146E8	149200000	147600000
SE0007100599	SEK	2	0	22	0	1.00275E7	0.0	10040000	0
GB0003385308	GBX	57	73	6684	7764	3.080795182525434E8	3.128440880989181E8	311500000	309000000
CH0024608827	CHF	443	518	1534	1650	1.2625638852672751E8	1.3611487878787878E8	130750000	130500000
DE0005557508	EUR	44	11	10362	2651	1249946.9214437366	1900000.0	1550000	1900000
GB0001638955	GBX	21	21	6626	6714	8.931196800482947E7	9.073699731903486E7	90050000	89950000
FR0010405431	EUR	3	1	9996	8651	105000.0	106120.0	105000	106120
CH0130293662	CHF	90	63	5544	4064	1.0757893217893219E7	1.1208587598425196E7	11100000	11060000
CH0239229302	CHF	68	64	2710	2340	1.30630036900369E7	1.4291923076923076E7	13590000	13530000
DE0005785802	EUR	0	22	0	506	0.0	6639565.217391305	0	6470000
JE00B4T3BW64	GBX	882	1074	735830	926999	3.988173989236645E7	4.0842929933042E7	40475000	40050000
IE00B1XNH568	EUR	6	6	3378	3378	1617200.0	1654200.0	1617200	1654200
FI0009002422	EUR	0	1	0	17	0.0	595800.0	0	595800
FR0000031122	EUR	0	11	0	2233	0.0	541000.0	0	541000
IE0004906560	EUR	82	80	3952	3854	1.1010392206477733E7	1.1258914115204982E7	11145000	11095000
US3682872078	EUR	0	11	0	10483	0.0	889000.0	0	889000
GB00B60BD277	GBX	36	21	33176	29724	1.9142926211719315E7	1.9445808101197686E7	19400000	19160000
GB0006731235	GBX	597	598	79937	86405	1.953000531668689E8	2.0065480585614258E8	197800000	195650000
GB0031743007	GBX	499	592	67264	77448	1.8932982799119887E8	1.9180971942464623E8	190550000	189600000
CH0022427626	CHF	39	55	101	226	2.2387623762376237E8	2.3217477876106194E8	232000000	229500000
GB0006825383	GBX	449	506	55946	64405	2.4068819218532157E8	2.427409300520146E8	242000000	241200000
LU0274211480	EUR	10	10	26000	26000	1.48624E7	1.48722E7	14902000	14840000
GB0003052338	GBX	75	63	43980	38392	6.386542291950887E7	6.47039669722859E7	64300000	64300000
GB00B135BJ46	GBX	41	39	7172	7095	1.3776409648633575E8	1.392829598308668E8	139400000	138000000
CH0033361673	CHF	52	72	3161	4820	6472233.470420753	6998144.190871369	6565000	6490000
SE0005466505	SEK	11	11	202400	202400	1284345.4545454546	1289836.3636363635	1290800	1280000
DE0006599905	EUR	22	11	517	462	1.754340425531915E7	2.694E7	17840000	26940000
LU0252634307	EUR	11	11	31900	31900	1.3464545454545455E7	1.3522727272727273E7	13534000	13462000
GB0009465807	GBX	167	285	19871	30330	1.731963640481103E8	1.746568710847346E8	174250000	173600000
CH0005795668	CHF	35	51	481846	839829	30802.66537441423	35382.9815950628	31250	31000
GG00BYV2ZQ34	GBX	34	42	80696	91963	8942058.590264697	9087807.922751542	9010000	9020000
GB0009039941	GBX	41	46	42772	49100	2.569247872439914E7	2.6045752545824848E7	26250000	25700000
DE000BAY0017	EUR	66	110	4697	12221	4696105.386416862	6788613.861386139	4920000	5500000
US5591892048	USD	69	58	20246	17618	1033671.935197076	1054097.740946759	1050000	1040000
GB0007669376	GBX	507	496	82383	80867	1.5446537635191727E8	1.5568117340818876E8	155750000	154550000
GG00BR30MJ80	GBX	39	54	11135	16324	2.749201616524472E8	2.8036464714530754E8	278500000	277000000
CH0127480363	CHF	44	69	1298	2067	1.6774907550077042E7	1.6972844702467345E7	16990000	16820000
LU0411075020	EUR	10	10	2098682	2581798	137220.28937209162	137426.59563606448	137780	136720
LU0252633754	EUR	8	10	21550	14603	1.4518264501160093E7	1.4534728754365541E7	14558000	14502000
GB00BNYK8G86	GBX	252	224	85648	84133	3.85482355688399E7	3.919909452890067E7	39520000	38520000
GB0009123323	GBX	81	46	9029	5513	2.967530845054823E8	3.003427534917468E8	300000000	297200000
GB00B23K0M20	GBX	24	37	179220	238514	3147525.549603839	3197342.524967088	3207000	3146000
FR0000121261	EUR	0	11	0	55	0.0	1.72E7	0	17200000
LU0252633754	EUR	10	10	26975	27000	1.4517412418906394E7	1.45404E7	14558000	14502000
GB00BGLP8L22	GBX	221	269	36652	41544	1.6669349012332207E8	1.6833690063547084E8	168700000	166600000
GB00B24CGK77	GBX	699	816	33409	39753	6.024611152683408E8	6.121763590169295E8	609100000	603100000
GB00B14SKR37	GBX	48	55	52708	24403	2.318825320634439E7	2.371221366225464E7	23500000	23450000
JE00B6173J15	GBX	41	73	83016	131764	1.0396481401175678E7	1.0526413587929936E7	10540000	10360000
CH0012549785	CHF	51	96	1380	1819	3.363632608695652E7	3.474877405167674E7	33970000	33550000
GB0004270301	GBX	30	50	5825	6473	1.49643330472103E8	1.5158828981924918E8	152200000	149800000
MISSING	MISSING	4	4	848	848	4248500.0	4255750.0	4257000	4234500
GB00BWFGQN14	GBX	358	535	6435	9624	1.3284729603729603E9	1.3409703345802162E9	1342500000	1326000000
DE000ENAG999	EUR	11	11	1254	1001	977000.0	1258000.0	977000	1258000
GB00BL9YR756	GBX	236	268	74888	88339	5.732313908770431E7	5.8216507771199584E7	59220000	56760000
GB00B1QH8P22	GBX	30	46	13750	12417	7.377529454545455E7	7.460461061448015E7	74600000	73950000
GB0002318888	GBX	71	54	5452	3746	3.7262439471753484E8	3.765530699412707E8	376400000	372200000
CH0043238366	CHF	109	140	357044	578022	102076.92105174712	119253.8126576497	108000	106400
IE0005042456	GBX	23	13	78878	81522	7.4084192423743E7	7.416354186599936E7	74270000	74030000
AT0000A21KS2	EUR	10	0	3903	0	2305537.2790161413	0.0	2306000	0
GG00BJL5FH87	GBX	24	23	61955	55963	1.0652199499636833E7	1.0878477922913354E7	10740000	10780000
JE00B55Q3P39	GBX	41	78	82021	130312	1.4458768851879397E7	1.5306243170237584E7	14740000	14660000
CH0011108872	CHF	39	68	925	2019	3.0171135135135137E7	3.1036428925210502E7	30400000	30300000
LU0274211480	EUR	10	10	26000	26000	1.48458E7	1.48844E7	14888000	14860000
GB0033195214	GBX	456	567	360884	439867	3.2834251144412056E7	3.318049303539479E7	33240000	32780000
GB00BYX7JT74	GBX	35	62	91684	163278	1.062192203656036E7	1.0892303923369957E7	10700000	10680000
SE0000114837	SEK	0	12	0	2656	0.0	2.869030496987952E7	0	23550000
SE0003051010	SEK	11	11	2200	2200	1.455018181818182E8	1.460109090909091E8	146560000	145140000
CH0126881561	CHF	357	294	19805	19480	9816899.01540015	1.0334686601642711E7	10215000	10155000
GB0002652740	GBX	65	61	7950	7376	3.376976729559748E8	3.409733459869848E8	340000000	338300000
GB00BDSFG982	EUR	16	80	33983	112341	580349.6748374187	583867.2470424867	594200	574600
BMG702782084	GBX	55	23	94161	61063	8269757.118127462	8741570.181615708	8550000	8650000
GB00BG49KP99	GBX	466	435	607274	537239	2.4091333269660812E7	2.444239327375712E7	24400000	24240000
DK0060542181	DKK	0	3	0	18	0.0	1.3456666666666666E7	0	13440000
DE000A14KEB5	EUR	11	0	12947	0	820000.0	0.0	820000	0
GB00BKLXD974	GBX	37	46	50753	57298	1.6201999881780388E7	1.6473346364620056E7	16320000	16320000
CH0023405456	CHF	62	81	7937	12623	4507187.476376465	4913801.711162164	4668000	4632000
LU0252633754	EUR	10	9	27000	11843	1.45158E7	1.4528723465338174E7	14558000	14508000
GB00BYZN9041	GBX	249	169	19647	15782	3.218212042551026E8	3.267357242428083E8	331200000	313600000
CH0012032113	CHF	133	151	2409	7289	3.481046907430469E7	3.964015091233365E7	37660000	37420000
CH0012138605	CHF	178	173	16237	17159	4310674.50883784	4714376.129145055	4477000	4460000
IE0031442068	EUR	13	16	22100	27200	4007038.4615384615	4009937.5	4010500	4004000
GB00BJTRSD38	GBX	50	35	96189	75949	2.3721692709145535E7	2.429018815257607E7	23950000	24000000
JE00B8KF9B49	GBX	498	428	150342	124109	1.1736313006345533E8	1.182394870637907E8	118700000	117450000
FR0000120404	EUR	11	0	275	0	2150000.0	0.0	2150000	0
DE0008404005	EUR	11	22	374	1771	2.15E7	2.521745341614907E7	21500000	23830000
GB00BD3VFW73	GBX	48	56	105049	114492	1.7870616188635778E7	1.8088181619676486E7	18070000	17960000
DE000BASF111	EUR	23	44	555	4356	5052108.108108108	7198737.373737373	6780000	6900000
NL0000235190	EUR	0	11	0	132	0.0	1.25E7	0	12500000
DE0006602006	EUR	11	0	462	0	3750000.0	0.0	3750000	0
LU1072616219	GBX	413	479	164951	195347	5.7579781147128545E7	5.805596584539307E7	58340000	57580000
IE00B3XXRP09	USD	34	24	17545	17310	8608992.305500142	8617846.44714038	8627000	8601000
GB00BDFBVT43	GBX	33	53	14152	14959	8.080276992651215E7	8.484163379905073E7	84000000	83300000
GB0032089863	GBX	459	542	14568	17114	7.461703322350357E8	7.527201238751899E8	754200000	745200000
GB00B63H8491	GBX	603	759	1076150	1465186	1.1335571983459555E7	1.1980764943153976E7	11598000	11534000
GB0004657408	GBX	43	46	166959	143252	6139386.436190921	6235864.490548125	6200000	6170000
IE0003864109	GBX	18	37	48716	74471	1.2523745176122835E7	1.2708879295296155E7	12600000	12600000
US52634T2006	USD	44	54	45097	49604	218339.61239106813	223600.68744456093	221000	220500
ES0130670112	EUR	0	22	0	121	0.0	2608181.8181818184	0	2450000
DE0005933972	EUR	0	6	0	1746	0.0	3219250.0	0	3219000
CH0010645932	CHF	490	480	755	716	3.7799470198675495E8	4.0424608938547486E8	387700000	385600000
IE00B4L5Y983	GBX	0	2	0	660	0.0	6.3105E8	0	630700000
GB00B8VZXT93	GBX	38	25	23895	19992	3.3175642603055034E7	3.361049619847939E7	33560000	33260000
CH0011795959	CHF	63	104	720	1245	4.9182152777777776E7	5.359156626506024E7	53150000	52400000
MISSING	MISSING	1	0	203	0	1.277E7	0.0	12770000	0
FI0009000681	EUR	1	1	19	21	514900.0	522900.0	514900	522900
CH0582581713	CHF	52	119	1889	3245	2.265230280571731E7	2.577115562403698E7	24200000	24000000
CH0012255144	CHF	85	105	12874	12379	4880670.343327637	5762960.659180871	5165000	5145000
CH0011075394	CHF	511	428	9551	8547	4.380674274945032E7	4.452180297180297E7	44450000	44320000
CH0022268228	CHF	58	37	37143	23043	653884.7965969362	719416.6124202578	713000	713000
DE000KSAG888	EUR	0	22	0	253	0.0	2028173.9130434783	0	1944000
GB00B188SR50	GBX	68	71	350393	247513	1.6836991606567483E7	1.6981904304016355E7	16940000	16880000
GB0031348658	GBX	626	808	916585	1393185	2.0345554113366462E7	2.1289691081945326E7	20640000	20390000
GG00BFYT9H72	GBX	43	79	105997	300493	1.1475074577582384E7	1.2184269184307123E7	11600000	11580000
CH0017875789	CHF	25	51	679	1670	1.2984830633284241E7	1.5042694610778444E7	14460000	14500000
GB0004478896	GBX	29	54	31999	41030	2.226321291290353E7	2.272637460394833E7	22600000	22350000
GB0002875804	GBX	1016	838	129828	115840	3.1202993730166066E8	3.285514912810773E8	320050000	318600000
GB0004082847	GBX	538	621	304504	518624	5.487043165278617E7	5.876428506972296E7	55460000	55020000
GB0008754136	GBX	297	294	139927	106749	7.238516940976366E7	7.379574159945293E7	73800000	73260000
ES0113211835	EUR	0	2	0	36	0.0	560580.5555555555	0	558100
GB0007918872	GBX	56	68	23863	27668	5.579028621715627E7	5.680809960965737E7	56500000	56300000
IE00BZ12WP82	EUR	22	0	1441	0	2.583587786259542E7	0.0	26500000	0
ES0148396007	EUR	0	23	0	127	0.0	3176913.3858267716	0	2638000
GB00BJFFLV09	GBX	530	607	14938	17345	7.975398982460839E8	8.039543845488614E8	808200000	796600000
GB00BKZGVH64	GBX	38	48	26616	36938	7.297564247069432E7	7.439132600573935E7	73600000	73400000
CH0010675863	CHF	53	74	2895	4454	1.5978300518134715E7	1.7054185002245173E7	16240000	16000000
GB00BN44P254	GBX	31	42	27449	31282	1.8284585959415644E7	1.862378684227351E7	18400000	18500000
GB0007099541	GBX	516	543	143968	161539	1.2379082400255613E8	1.2628651254495819E8	124500000	123950000
GB0006215205	GBX	66	51	131977	154936	2.50302681527842E7	2.903103345897661E7	25560000	25240000
CH0225173167	CHF	83	166	5756	19337	6272180.333564975	7177446.863525883	6405000	6360000
GB00B29H4253	GBX	43	43	25608	36476	3.664496641674477E7	3.709638118214717E7	37100000	36650000
GB00BL6K5J42	GBX	21	16	2821	3819	1.5096082949308756E8	1.6908549358470803E8	167500000	168500000
BE0974293251	EUR	0	33	0	462	0.0	6074000.0	0	6022000
GB00B033F229	GBX	268	296	689515	868364	7591660.372870786	8111241.131599192	7658000	7608000
GB00BF5H9P87	GBX	38	41	10903	12011	7.490240300834633E7	7.580723503455167E7	75500000	75350000
GB0003718474	GBX	57	60	2944	3331	8.212595108695652E8	8.304321525067548E8	833500000	821500000
GG00B1W3VF54	GBX	104	119	225992	232096	1.3395643474105278E7	1.352433475803116E7	13500000	13420000
ES0144580Y14	EUR	0	11	0	330	0.0	1202000.0	0	1202000
ES0183746314	EUR	0	11	0	55	0.0	9480000.0	0	9480000
JE00BJ1DLW90	GBX	53	128	106078	165739	1.9481411225701842E7	2.017405251630576E7	19730000	19455000
GB00B0H2K534	GBX	86	65	135258	136426	1.1510128864836091E7	1.201183396126838E7	11830000	11560000
GB00B1FW5029	GBX	57	88	170968	235144	9908735.143418651	1.1249611387064947E7	10280000	10180000
GG00BYXVT888	GBX	40	79	21407	24146	5.097882001214556E7	5.2546782075706124E7	51500000	51600000
AT0000A0E9W5	EUR	0	11	0	407	0.0	1745000.0	0	1745000
FR0000120222	EUR	37	11	307500	594	2180447.1544715445	2190000.0	2181000	2190000
GB0001048619	GBX	53	36	141512	132403	8231212.865340042	8371649.433925213	8350000	8285000
JE00BN574F90	GBX	176	235	7351	8985	4.3005918922595567E8	4.34520856983862E8	433500000	431600000
GB00B0744B38	GBX	432	528	44930	58425	2.733433207211217E8	2.751792297817715E8	276500000	272800000
CH0042615283	CHF	131	80	8590	3939	1.894062980209546E7	2.0344516374714393E7	20500000	20050000
GB00BF448H58	GBX	81	95	61182	46882	1.8675342094079956E7	1.8979226142229427E7	18860000	18780000
NL0015000MZ1	EUR	0	1	0	189	0.0	75380.0	0	75380
GB00BBG9VN75	GBX	498	492	37179	34263	2.8935245165281475E8	2.919619852318828E8	293700000	288400000
DE000A1J5RX9	EUR	0	2	0	78	0.0	260000.0	0	259500
CH0024590272	CHF	55	106	1207	3579	2.5709610604805302E7	2.8622324671696004E7	25950000	25750000
GB00B1V9NW54	GBX	40	50	7963	8884	1.0433944493281427E8	1.0639025213867627E8	105200000	104800000
IE00B53SZB19	EUR	22	25	4400	5000	7.414818181818181E7	7.4248E7	74250000	74120000
CH0008742519	CHF	370	265	4618	2567	5.200230402771763E7	5.333638488507986E7	53420000	52500000
SE0000115446	SEK	1	0	5	0	2.0985E7	0.0	20985000	0
DK0060738599	DKK	0	1	0	5	0.0	2.963E7	0	29630000
GB00B012TP20	GBX	15	41	16446	96887	3.16867481454457E7	3.872851239072321E7	32000000	31760000
IM00B5VQMV65	GBX	462	527	68744	78948	1.6079354198184568E8	1.6203544674975935E8	162150000	160500000
CH0010754924	CHF	41	52	183	276	1.2222076502732241E8	1.2412753623188406E8	123000000	122800000
GB00BD45SH49	GBX	52	43	23179	17019	4.861109797661676E7	4.91267994594277E7	49000000	48680000
US7960502018	USD	48	41	396	335	1.3312550505050506E8	1.3959343283582088E8	139200000	139000000
GB00BNKVP754	GBX	35	23	144866	79346	1.0751940413899742E7	1.0879408968315983E7	10802000	10800000
LU0603940916	EUR	12	7	7320	4270	1424100.0	1462257.142857143	1424200	1448200
CH0038863350	CHF	1021	812	75179	54725	1.1605879381210178E7	1.2275200950205574E7	12086000	12002000
US8766292051	USD	63	82	8944	20918	3787090.11627907	4584969.786786499	3840000	3765000
GB00B1L5QH97	GBX	33	61	34623	55427	1.582598388354562E7	1.6270792574016273E7	15960000	15880000
GB0007973794	GBX	81	88	169438	152694	1.359346846634167E7	1.376181159705031E7	13690000	13630000
GB00BNNTLN49	GBX	435	449	114468	118353	1.0803042072893734E8	1.0951996485091211E8	109400000	108600000
IE0032077012	EUR	22	22	8800	8800	3.2105454545454547E7	3.216409090909091E7	32155000	32100000
GB0003450359	GBX	30	31	13560	11122	8.07373598820059E7	8.178110052148893E7	81100000	81100000
US5603172082	USD	86	97	42071	42853	789794.3476504005	800509.3692390264	805000	784000
FR0000125007	EUR	0	11	0	297	0.0	6750000.0	0	6750000
DE0005810055	EUR	11	0	88	0	1.3E7	0.0	13000000	0
US01609W1027	EUR	34	63	2480	4360	1.0620806451612903E7	1.0705688073394496E7	10660000	10660000
LU2197908721	EUR	2	0	132	0	1.3688E7	0.0	13688000	0
GB0001639920	GBX	33	61	2995	5030	3.626896494156928E8	3.7141491053677934E8	365500000	365500000
IL0010849045	GBX	18	23	76327	100457	5316059.585729821	5422284.061837403	5750000	5210000
CH0025751329	CHF	441	518	21432	30970	7440861.888764464	8003536.325476267	7536000	7434000
GB00B1ZBKY84	GBX	76	77	112432	120050	2.0150811957449835E7	2.0674747188671388E7	20320000	20220000
ES0173908015	EUR	0	11	0	1947	0.0	83000.0	0	83000
GB0000811801	GBX	531	538	303976	193163	6.154851001394847E7	6.354213405258771E7	63560000	62940000
DE000ETFL060	EUR	10	10	59000	59000	6562100.0	6583000.0	6583000	6568000
DE0005785604	EUR	11	11	319	154	3100000.0	4500000.0	3100000	4500000
MISSING	MISSING	6	1	5400	900	7628400.0	7640900.0	7635100	7640900
GB00BWXC7Y93	GBX	62	54	45744	41829	3.0098025970619097E7	3.0931827201224033E7	30650000	30700000
GB00BLDRH360	GBX	104	47	33707	29001	5.562063517963628E7	5.629632426468053E7	55950000	55850000
IE00BDC5DG00	GBX	55	56	32569	24720	4.324392520494949E7	4.437178802588997E7	43900000	43400000
CH0198251305	GBX	501	493	62379	60844	2.499547219416791E8	2.519701613963579E8	252400000	250600000
US7496552057	USD	64	47	16611	10851	1360060.8030822948	1404268.9153073449	1400000	1390000
FR0000073272	EUR	0	11	0	77	0.0	1.23E7	0	12300000
ES0109067019	EUR	0	11	0	55	0.0	7240000.0	0	7240000
IE00BMW3QX54	EUR	20	16	42923	33046	2186060.130932134	2194785.601888277	2190500	2188500
FR0010468983	EUR	11	11	13200	13200	3827545.4545454546	3831545.4545454546	3850500	3812000
US6698881090	USD	94	100	5272	5908	2.070732928679818E7	2.2498334461746786E7	20900000	20590000
CH0003671440	CHF	64	80	1741	2796	1.8113141872487076E7	1.9333633762517884E7	18720000	18540000
CH0126673539	CHF	55	87	3569	6831	7436466.797422247	7947023.861806471	7490000	7470000
ES0105223004	EUR	1	0	25	0	411600.0	0.0	411600	0
SE0000115420	SEK	1	0	5	0	2.122E7	0.0	21220000	0
GB00B0N8QD54	GBX	86	78	25584	40397	9.226849984365228E7	9.576725746961407E7	93300000	92950000
CH0319416936	CHF	100	101	2933	4848	1.6979198772587795E7	1.7738805693069305E7	17180000	17100000
BMG4593F1389	GBX	43	56	15053	17958	9.806836245266724E7	9.989488250361955E7	98960000	98620000
US7594701077	USD	60	33	11421	9212	6123965.064355135	6333562.744246635	6320000	6305000
GB00B7KR2P84	GBX	241	339	163606	142408	6.052548916298913E7	6.40024801977417E7	63680000	62820000
IE0008471009	EUR	11	11	12100	12100	4266045.454545454	4272136.363636363	4275500	4259500
CH0102484968	CHF	102	105	11345	10528	5482135.2137505505	5709802.241641337	5598000	5578000
GB00BCKFY513	GBX	18	13	140471	115480	3959764.9336873805	4031333.2611707654	4010000	3995000
GB0031638363	GBX	410	496	21871	26523	5.2943320378583515E8	5.3412153979564905E8	534400000	530600000
CH0011693600	CHF	37	45	422	601	4.1259123222748816E7	4.1932529118136436E7	41550000	41550000
SE0015811559	SEK	0	1	0	5	0.0	3.901E7	0	39010000
GB0008220112	GBX	527	580	271459	303156	3.71776567363764E7	3.748649668817375E7	37500000	37260000
GB00B132NW22	GBX	68	50	65308	55772	2.7620916579898328E7	2.796151975901886E7	27880000	27740000
FR0010446146	EUR	11	11	361900	361900	943627.2727272727	946181.8181818182	944900	944600
GB00B1VNSX38	GBX	66	56	31025	25436	6.071930701047542E7	6.124071001729832E7	61100000	60800000
NO0005668905	NOK	11	0	198	0	3.95E7	0.0	39500000	0
MISSING	MISSING	0	6	0	1344	0.0	4070916.6666666665	0	4060500
GB0001367019	GBX	459	489	232750	243230	5.45568141783029E7	5.504373662788308E7	54840000	54680000
DE0008232125	EUR	22	44	2816	43428	523281.25	746149.9493414387	550000	744000
GB0006667470	GBX	4	11	200	550	7.28E7	7.71090909090909E7	72900000	76600000
SE0000667891	SEK	1	0	5	0	2.438E7	0.0	24380000	0
GB00BF4JDH58	GBX	50	65	86724	107709	2.4779831419214983E7	2.5109871505630914E7	25050000	24850000
GB00B2QPKJ12	GBX	244	267	92152	90255	6.2575548875770465E7	6.3878418924159326E7	63760000	63020000
GB0009252882	GBX	938	898	228662	211917	1.637858774960422E8	1.679723065162304E8	165760000	165200000
CH0111677362	CHF	60	90	2558	2865	8652208.756841281	8810586.387434555	8750000	8700000
GB0006027295	GBX	45	34	20506	19224	3.266684385058032E7	3.3130612775697045E7	32950000	32750000
CH0009691608	CHF	22	39	566	810	2.1649734982332155E7	2.202462962962963E7	21750000	21750000
DE000A2YN900	EUR	11	0	12111	0	1300000.0	0.0	1300000	0
CH0002178181	CHF	54	15	4304	854	3899921.9330855017	4422386.416861827	4234000	4224000
GB00BMH18Q19	GBX	40	69	15521	20829	4.82869931061143E7	4.8850944356426135E7	48940000	48500000
GB0002148343	GBX	42	24	5260	3829	1.8672022813688213E8	1.8899764951684514E8	188200000	187600000
SE0007185418	SEK	11	0	22000	0	1.08E7	0.0	10800000	0
NO0010161896	NOK	0	1	0	37	0.0	2.144E7	0	21440000
GB0001500809	GBX	54	60	389109	242086	4791782.991398297	5286945.977875631	5084000	5012000
GB00BRB37M78	GBX	85	41	21192	10654	6.4723088901472256E7	6.821712971653838E7	68500000	66900000
FR0000120628	EUR	0	11	0	308	0.0	3000000.0	0	3000000
CH0010702154	CHF	48	73	919	1181	2.7791360174102284E7	2.8330245554614734E7	28040000	27960000
GB00BMX64W89	GBX	61	54	49570	50390	2.9124697195884608E7	2.9582840642984718E7	29500000	29120000
GB0007958233	GBX	39	46	49178	46438	1.3874884297856765E7	1.4095324734054007E7	14030000	13910000
ES0165386014	EUR	1	0	7	0	1511500.0	0.0	1511500	0
DE0007236101	EUR	22	11	660	121	1.2695E7	1.52E7	12950000	15200000
CH0012627250	CHF	55	134	2069	8967	3.0868366360560656E7	3.294491468718635E7	31200000	31200000
CH0496451508	CHF	49	80	16505	22871	1788972.3114207815	1930329.3253465088	1836000	1812000
GB00BKPG0S09	GBX	50	80	81762	104060	1.7119981654069126E7	1.739085585239285E7	17280000	17200000
GG00BPFJTF46	GBX	97	104	14326	14295	2.7698555074689376E8	2.8366649178034276E8	280000000	278000000
SE0001342395	SEK	11	11	3300	3300	6.678090909090909E7	6.706909090909091E7	67120000	66820000
ES0137650018	EUR	0	11	0	55	0.0	3800000.0	0	3800000
GB00BMTS0Z37	GBX	68	54	40270	22486	4.730676185746213E7	4.936612114204394E7	49000000	48850000
DE0007164600	EUR	22	33	572	825	1.0043076923076924E7	1.3058E7	10280000	12400000
JE00B6T5S470	GBX	516	463	142917	131256	1.0456102003260633E8	1.0617826042238069E8	105950000	104500000
CH0023868554	CHF	54	85	9625	18498	2543070.1298701297	2787592.4964861064	2584000	2508000
GB00BVGBWW93	GBX	57	71	313633	365321	6622242.493615149	6694135.623191658	6680000	6650000
GB00BVYVFW23	GBX	529	435	182810	150072	6.780859121492259E7	6.835538141691987E7	68820000	67780000
GB00B1JQDM80	GBX	48	72	119827	221910	8261602.017909152	8612348.091568654	8430000	8275000
LU1829219390	EUR	10	10	2000	2000	1.06385E7	1.06512E7	10673000	10606000
GB00B62G9D36	GBX	67	59	106315	106133	1.707500766589851E7	1.726764766849142E7	17300000	16960000
US55953Q2021	USD	77	59	23931	18944	1362644.3107266724	1382384.9767736488	1386000	1368000
CH0030380734	CHF	61	63	4679	6498	8406518.486856166	8618514.927670052	8470000	8450000
CH0364749348	CHF	92	77	6246	3957	1.6184456452129362E7	1.6995355066969927E7	16240000	16230000
GB0006640972	GBX	31	37	2655	2841	2.71220527306968E8	2.752303766279479E8	274000000	272500000
GB00BLJNXL82	GBX	497	617	23179	29211	4.231585918288106E8	4.289597891205368E8	426600000	424300000
GB0008825324	GBX	56	62	12714	13705	1.2219532798489854E8	1.2438512951477563E8	123000000	123200000
DE000TUAG000	GBX	255	285	292363	339131	2.525844652025051E7	2.5536037283527605E7	25730000	25150000
CH0012268360	CHF	21	33	36309	44772	322571.1393869289	329253.7970159921	327000	322000
GB00BMVQDZ64	GBX	33	29	7312	7201	1.0592084245076586E8	1.0738750173587002E8	107600000	105800000
GB00BYPHNG03	GBX	68	61	77697	65578	3.027666705278196E7	3.0710310469974685E7	30740000	30400000
GB0006827546	GBX	49	56	377	430	4.914761273209549E9	4.962616279069767E9	4940000000	4940000000
LU1673108939	EUR	0	11	0	2816	0.0	680000.0	0	680000
IE00B441G979	EUR	6	2	744	248	7388000.0	7452000.0	7388000	7450000
IE00B0M63177	GBX	4	0	2393	0	3.481249268700376E8	0.0	348350000	0
LI0355147575	CHF	23	21	1919	1781	5610849.400729546	5704553.621560921	5650000	5670000
GB00BH4HKS39	GBX	880	896	1948893	1709764	1.2962933989705952E7	1.350123528744318E7	13200000	13152000
GB00BV9FP302	GBX	22	49	2615	5219	2.6743541108986616E8	2.705088714313087E8	270400000	268400000
GB0009697037	GBX	30	37	35334	38502	3.0197678157015905E7	3.067352864786245E7	30560000	30410000
US3682872078	USD	207	249	195777	148005	794744.254943124	911785.0721259417	858000	842000
GB0004866223	GBX	50	58	11945	8469	8.377840937630808E7	8.512036840240878E7	84700000	84400000
FR0010655712	EUR	1	7	32	224	2.8175E7	2.8250714285714287E7	28175000	28195000
GB00BJ0LT190	GBX	31	38	31841	34513	4.249479130680569E7	4.306549416162026E7	42800000	42700000
GB00BNLPYF73	GBX	54	45	63657	53518	2.388275837692634E7	2.414911805373893E7	24050000	23950000
CH0021218067	CHF	15	14	488298	477199	14161.850304527154	14409.901445728092	14260	14340
NL0012650360	GBX	16	32	1753	2094	3.423035938391329E8	3.469404011461318E8	345800000	343800000
ES0121975009	EUR	0	11	0	55	0.0	3915000.0	0	3915000
GB00B5N0P849	GBX	43	39	62249	58473	2.207479814936786E7	2.2404334137123115E7	22410000	22170000
GB00BNC5T391	GBX	25	26	55652	61842	1.4740802486882772E7	1.4933268733223375E7	14960000	14630000
GB00BNR5MZ78	GBX	438	516	560209	661932	1.518952790833421E7	1.5392295711644096E7	15330000	15235000
GB00B02QND93	GBX	29	67	11362	16919	6.419985917972188E7	6.617455523376086E7	64800000	64600000
GB00BD8DR117	GBX	34	60	21702	27148	3.500244908303382E7	3.5567185428024165E7	35300000	35300000
CH0239518779	CHF	30	41	1581	2068	9468349.146110058	9641856.866537718	9540000	9540000
SE0000382335	SEK	56	36	7150	4000	9.326839160839161E7	9.403075E7	93580000	93700000
GB00BJLP1Y77	GBX	50	43	230224	155219	1.7432715007992215E7	1.758617566148474E7	17520000	17500000
GB00BHSRZC82	GBX	47	67	57805	69991	2.240482657209584E7	2.293653255418554E7	22700000	22500000
DK0060336014	DKK	4	0	20	0	4.25825E7	0.0	42730000	0
GB00B0LCW083	GBX	405	467	49931	51653	2.0201531914041376E8	2.0599582792867792E8	205000000	202200000
GB00BN4NDR39	GBX	71	68	174073	161504	1.1500186013913702E7	1.171483950861898E7	11600000	11580000
GB00BDVZYZ77	GBX	526	591	253638	287882	4.4350164722951606E7	4.474261992760923E7	45030000	44310000
GB00B0WMWD03	GBX	49	28	41821	33644	2.6390544463307906E7	2.6684826417786233E7	26540000	26520000
GB00BD6K4575	GBX	584	505	139352	102841	1.7608149075721914E8	1.788099332950866E8	179250000	175900000
IE00B3ZW0K18	EUR	7	6	658	564	9819571.42857143	1.0006E7	9895000	10006000
DE000PSM7770	EUR	2	0	27	0	1375814.8148148148	0.0	1377500	0
GB00B53P2009	GBX	38	95	43219	75815	2.2792524121335525E7	2.348176244806437E7	23020000	22920000
CH0102659627	CHF	49	48	140024	141848	127486.17879792035	139222.47828661665	131400	129700
GG00B1Z5FH87	GBX	16	22	4090	5502	1.391599511002445E8	1.4249043984005815E8	141800000	141800000
GB00B10RZP78	EUR	0	11	0	198	0.0	5000000.0	0	5000000
CH0276534614	CHF	43	67	2301	3196	8390369.404606692	8562640.80100125	8520000	8360000
CH0012280076	CHF	63	88	400	562	1.4904625E8	1.536079181494662E8	153300000	151100000
DE0005552004	EUR	0	12	0	280	0.0	5989839.285714285	0	5431000
GB00BK7YQK64	GBX	61	86	514025	474564	3884718.7082340354	4047344.3792618066	4009000	3982000
GB00BL9ZF303	GBX	61	46	75912	60120	2.156534342396459E7	2.1790463240186293E7	21800000	21550000
DE000ETFL011	EUR	8	10	16108	21804	1.3944167121926993E7	1.395772170243992E7	13986000	13930000
GB00B61TVQ02	GBX	53	67	16820	25989	8.706592746730083E7	8.779161760744931E7	87750000	87100000
DK0060952919	DKK	3	0	15	0	4.5653333333333336E7	0.0	45780000	0
GB00BL6NGV24	GBX	55	64	41133	50915	3.0628418544720784E7	3.104803770990867E7	31220000	30660000
JE00BVRZ8S85	GBX	86	71	154567	92969	9.113692573447114E7	9.167293076186685E7	91400000	91500000
CH0311864901	CHF	96	67	1970	1508	3.5918730964467004E7	3.702820954907162E7	37080000	36640000
ES0177542018	GBX	683	756	1350948	1343752	1.5592678898077497E7	1.6038353967101073E7	15888000	15740000
GB0006776081	GBX	490	429	160978	139424	6.123061126365093E7	6.196987735253615E7	61620000	61360000
CH0018294154	CHF	189	258	7378	15742	1.0843529411764706E7	1.1214018549104307E7	11000000	10970000
CH0110240600	CHF	80	73	21115	13703	2144616.102296945	2231342.0418886375	2230000	2210000
GB00BGDT3G23	GBX	481	425	148083	139069	6.503125774059142E7	6.556741804428018E7	66160000	64680000
SE0000202624	SEK	0	1	0	5	0.0	3.782E7	0	37820000
DK0061539921	DKK	4	0	20	0	1.6875E7	0.0	16985000	0
GB00BND88V85	GBX	47	32	34059	29989	3.867183857423882E7	3.923317716496049E7	39050000	38650000
GB00BF044593	GBX	34	57	31751	34884	2.189177821170987E7	2.2271531361082446E7	22100000	22050000
GB0031215220	GBX	217	234	25476	26563	1.3847540430208823E8	1.3976635470391145E8	141400000	138200000
DE0002635273	EUR	12	12	5220	5220	2044250.0	2105750.0	2044500	2105500
CH0435377954	CHF	98	67	27255	18178	1906727.6463034307	1970244.966442953	1974000	1942000
LU0252634307	EUR	10	10	27014	29000	1.3463832087065965E7	1.35032E7	13522000	13448000
JE00BF5FX167	GBX	60	79	85357	111696	3.476561383366332E7	3.511187106073628E7	35000000	34850000
GG00BGJYPP46	GBX	43	54	67935	62675	1.8975185839405313E7	1.937341364180295E7	19300000	19000000
CH0028422100	CHF	25	34	2835	3710	4301047.619047619	4378177.897574124	4330000	4350000
GB00B1WY2338	GBX	467	447	82965	83905	1.5642333092267823E8	1.5774351707288003E8	157850000	156550000
GB00BYZDVK82	GBX	63	78	12138	17150	1.6308750205964738E8	1.6496473469387755E8	165900000	163100000
IE00B1RR8406	GBX	593	659	46726	52658	3.993754397979711E8	4.029424360970793E8	402000000	399600000
CH0001752309	CHF	81	95	443	654	1.284979683972912E8	1.3476009174311927E8	132700000	130900000
GB00B1YW4409	GBX	541	476	111025	97681	1.3817240891691062E8	1.3945739243046242E8	139450000	138100000
CH0012100191	CHF	62	76	888	1249	4.471529279279279E7	4.8160608486789435E7	44960000	44880000
GB00BD7XPJ64	GBX	59	86	131219	167997	9902419.161859183	1.013778900813705E7	10100000	9920000
GB0000536739	GBX	367	558	23482	38326	5.2577650966697896E8	5.293705839377968E8	532200000	522800000
AT0000743059	EUR	1	0	9	0	4500000.0	0.0	4500000	0
CH0363463438	CHF	64	137	24277	39098	1963209.8694237345	2326355.465752724	2120000	2072000
GB00BFXYH242	GBX	61	51	53917	45936	1.7528843221989352E7	1.7867397248345524E7	17700000	17720000
GB0000667013	GBX	40	42	9103	5116	1.0986041964187631E8	1.1153287724784988E8	111000000	110300000
KYG9361H1092	GBX	48	36	34172	27919	7.380769050684771E7	7.569759661879008E7	74600000	74600000
GB0008085614	GBX	35	32	3584	3927	2.1688657924107143E8	2.1995963840081486E8	218000000	218000000
GB00BZCNLL95	GBX	30	26	49374	52708	1.71674938226597E7	1.745319116642635E7	17280000	17320000
GB00BJVQC708	GBX	46	65	88875	56829	1.5382937158931082E7	1.624238469795351E7	15900000	15800000
CH1101098163	CHF	103	91	1535	1877	4.8405928338762216E7	5.223106020245072E7	51900000	51600000
CH0008012236	CHF	95	87	603	367	1.2625837479270315E8	1.5540217983651227E8	150600000	148400000
CH0011029946	CHF	55	72	576	472	1.07309375E8	1.1170084745762712E8	112000000	109800000
DE0007100000	EUR	22	0	660	0	5930000.0	0.0	6800000	0
FI0009000665	EUR	0	1	0	10	0.0	969000.0	0	969000
FR0000045072	EUR	0	19	0	1196	0.0	1443979.933110368	0	1375000
US37949E2046	USD	52	69	23658	28724	686337.3066193254	705079.376131458	700000	697000
GB00BJ1F4N75	GBX	60	42	29302	27172	4.624937581052488E7	4.705228433681731E7	46560000	46520000
GB0006650450	GBX	32	53	3944	5149	2.163116125760649E8	2.1924655272868517E8	218500000	217500000
CH0012005267	CHF	876	1070	79004	89187	7829447.774796213	8192223.182750849	7974000	7905000
DE000ZAL1111	EUR	11	0	1045	0	5500000.0	0.0	5500000	0
CH0256379097	CHF	65	108	12604	25108	2372680.498254522	2744405.1696670386	2560000	2490000
FO0000000179	NOK	4	3	376	282	6.3055E7	6.3993333333333336E7	63420000	63420000
CH0012138530	CHF	464	819	183143	1946883	871842.081870451	971269.0397933518	893800	886800
CH0346177709	CHF	0	3	0	10390	0.0	134745.42829643888	0	129500
CH0386200239	CHF	61	37	2242	1481	1.2111061552185548E7	1.3113706954760296E7	13100000	12800000
GB0002405495	GBX	328	308	20879	20120	3.363138799750946E8	3.406189512922465E8	340100000	337900000
GB0030913577	GBX	668	468	1131583	631337	1.8194363444837894E7	1.9077581719430353E7	18990000	18500000
CH0360826991	CHF	86	95	2729	3598	2.9191535360938072E7	3.081195108393552E7	30100000	29600000
CH0012829898	CHF	35	75	206	419	1.0442281553398058E8	1.0567470167064439E8	105700000	104500000
GB00BKY40Q38	GBX	38	19	35946	29000	1.7653661325321317E7	1.7964733103448275E7	17780000	17800000
GB00BP6MXD84	EUR	0	11	0	4884	0.0	2576500.0	0	2576500
GB00B082RF11	GBX	383	532	222610	308093	5.147548025695162E7	5.187530193805117E7	52100000	51420000
GB0009292243	GBX	64	74	10269	11734	2.0475619826662773E8	2.094438384182717E8	206800000	205600000
IE00B42Z5J44	EUR	3	16	474	2528	5812333.333333333	5856812.5	5814000	5802000
GB00BCRX1J15	GBX	23	34	67505	87103	8831930.227390563	8956464.071271943	8955000	8865000
DE000A1ML7J1	EUR	18	11	621	121	4653193.236714976	6690000.0	5098000	6690000
GB00B5ZN1N88	GBX	510	515	133963	138061	1.3057084344184588E8	1.3277788260261768E8	131750000	131300000
GB0001740025	GBX	48	69	16652	25886	5.396232884938746E7	5.496770841381442E7	54600000	54200000
LU0411075376	EUR	10	10	26000	25271	1.47478E7	1.4790871117090736E7	14818000	14728000
GB00B17MMZ46	GBX	48	35	121829	113227	9590150.94928137	9758214.913404047	9620000	9650000
GB0006111909	GBX	37	56	16588	26695	1.1665324330841573E8	1.1816250983330211E8	117400000	117400000
GB0004220025	GBX	60	58	10179	10636	2.2930055997642204E8	2.321830763444904E8	231000000	230000000
GB00BJ62K685	GBX	40	73	19578	28021	4.116234242517111E7	4.217325505870597E7	42340000	41560000
GB00B1JQBT10	GBX	58	38	515722	402716	2234537.4252019497	2318287.9249893227	2280000	2290000
GB00BDCPN049	EUR	32	44	6675	7200	5094550.561797753	5165312.5	5110000	5145000
GB00BKFB1C65	GBX	466	479	535917	552478	2.145107477463861E7	2.1721334025970265E7	21640000	21560000
GB0009223206	GBX	521	515	131193	148432	1.2462772327791879E8	1.3036525210197262E8	126100000	124750000
US67011E2046	USD	134	158	26796	29962	2843572.7720555305	2868255.9909218345	2878000	2828000
LU0380865021	EUR	11	11	7700	7700	6505272.7272727275	6522000.0	6526000	6507000
GB0005405286	GBX	821	799	791931	669641	5.379264574817756E7	5.5084628420302816E7	54670000	54480000
CH0432492467	CHF	358	427	22691	46018	7017080.428363669	7818224.390455908	7242000	7210000
GB00BN7CG237	GBX	12	1	883	132	1.0246913929784824E8	1.166E8	116150000	116600000
GB00BN0SMB92	GBX	59	100	68635	123354	2.0007758432286736E7	2.0988068485821296E7	20200000	20040000
GB0007188757	GBX	801	773	51086	50465	5.367600966996829E8	5.468500921430695E8	546100000	539700000
CH0012255151	CHF	134	193	4021	6146	2.6192434717731908E7	2.9208223234624147E7	26820000	26670000
DE000TUAG000	EUR	0	11	0	31163	0.0	348000.0	0	348000
GB00B1XZS820	GBX	921	833	82365	74489	3.2846804892854977E8	3.368157331955054E8	336250000	332700000
MISSING	MISSING	0	1	0	206	0.0	1.256E7	0	12560000
CH0466642201	CHF	98	87	5760	5107	1.0754609375E7	1.1785809672997845E7	11720000	11690000
GB00B1FH8J72	GBX	508	529	48300	49978	2.9089625879917186E8	2.931904137820641E8	293400000	290800000
SE0000379190	SEK	0	11	0	935	0.0	2.756E7	0	27560000
CH0012221716	CHF	354	400	82827	106406	3161680.683834981	3341263.0302802473	3227000	3175000
MISSING	MISSING	1	0	319	0	8127000.0	0.0	8127000	0
DE0007042301	EUR	0	11	0	2651	0.0	1840000.0	0	1840000
GB00B1CRLC47	GBX	559	611	80240	87285	1.8632174788135594E8	1.876059706707911E8	187600000	186450000
GB0008910555	GBX	66	58	18428	19516	8.353719340134577E7	8.504033613445379E7	84500000	84600000
US98387E2054	USD	70	52	13253	11705	2206996.83090621	2239437.8470739	2234000	2212000
IE00B1TXLS18	GBX	4	0	7029	0	6.6287646891449705E7	0.0	66320000	0
GB00B1KJJ408	GBX	460	657	33617	58518	3.032667162447571E8	3.152514149492464E8	307200000	302400000
DE0006062144	EUR	0	11	0	55	0.0	5900000.0	0	5900000
GB0002018363	GBX	45	42	3477	3986	3.208022720736267E8	3.244754139488209E8	324000000	320500000
GB0000066554	GBX	46	50	10152	10332	1.4470332939322302E8	1.4667078977932638E8	145600000	145400000
GB0001826634	GBX	68	71	9809	9971	2.861099398511571E8	2.887391836325343E8	288600000	286200000
AT0000A18XM4	CHF	63	167	29516	84550	1522212.9184171297	1659713.5363690124	1558000	1533000
CH0012530207	CHF	60	118	1071	2606	5.435658263305322E7	5.537601688411359E7	55100000	54400000
IE00B5BMR087	EUR	26	22	5200	4400	4.107826923076923E7	4.112863636363637E7	41130000	41060000
FR0010261198	EUR	1	0	57	0	1.5878E7	0.0	15878000	0
CH0453226893	CHF	24	54	4150	6631	2375522.891566265	2458778.4647866082	2420000	2410000
GB00BZ6STL67	GBX	37	41	136903	135855	9595617.152290307	1.0053093113981819E7	9985000	9855000
GB00B1CKQ739	GBX	50	42	10703	9059	1.3208489208633094E8	1.3399385141847886E8	133700000	132600000
IE00B1FZS350	GBX	2	1	714	357	2.1345E8	2.143E8	213700000	214300000
GB00BGJWTR88	GBX	63	79	31077	41382	1.6856704958651093E8	1.702908317626021E8	170200000	168600000
DE0005773303	EUR	0	11	0	462	0.0	7980000.0	0	7980000
GB0000456144	GBX	454	485	78636	82582	1.2806313584109059E8	1.2930382226150978E8	129300000	128050000
CH0531751755	CHF	217	234	11353	27609	7563924.953756716	8874009.924300047	7630000	7610000
SE0011166974	SEK	0	11	0	341	0.0	1.741E7	0	17410000
GB0007826091	GBX	39	50	16035	20098	8.931156844402869E7	9.06819683550602E7	89900000	90000000
GB0007388407	GBX	29	61	5320	8102	1.658007142857143E8	1.7627635151814365E8	167000000	167000000
GB00BLH3CY60	GBX	22	5	16500	1840	1.9875E7	2.09E7	20000000	20900000
DE0007664039	EUR	33	22	2222	792	1.6773267326732673E7	2.3583333333333332E7	17300000	22000000
GB00BYYTFB60	GBX	57	70	27918	28090	7.69224066910237E7	7.778115699537201E7	77500000	77150000
CH0244767585	CHF	399	470	182888	249372	1871982.1694151612	1919147.145629822	1905000	1885000
GB0001990497	GBX	72	61	89842	72352	4.081483103670889E7	4.134591441839894E7	41150000	41050000
GB00BYQB9V88	GBX	33	47	30838	45110	2.3862804008042026E7	2.417457215694968E7	24100000	24000000
US73181M1172	USD	69	71	5109	5986	7794766.099040908	7962605.245573004	7905000	7785000
SE0006422390	SEK	0	11	0	121	0.0	5.98E7	0	59800000
CH0011484067	CHF	51	41	525	449	4.4561523809523806E7	4.5143652561247215E7	44850000	44750000
ES0173516115	EUR	3	11	27	143	1128733.3333333333	1300000.0	1130200	1300000
IE0001827041	GBX	507	469	67355	52667	3.8228675822136444E8	3.934399054436364E8	386400000	384500000
IE0002424939	GBX	500	495	22152	22478	6.251157096424702E8	6.29898700952042E8	628600000	625000000
GB00BYT18307	GBX	29	48	5812	11705	1.4762962835512733E8	1.5076140111063647E8	149800000	148000000
GB00BYRJ5J14	GBX	74	75	210189	223021	1.4285370309578523E7	1.4416320884580376E7	14420000	14300000
FR0010342592	EUR	7	7	84	84	7.679E7	7.816428571428572E7	76970000	77410000
IE00B010DT83	GBX	43	49	57473	65591	2.253219563969168E7	2.3613970819167264E7	22820000	22600000
GB00BY9D0Y18	GBX	307	316	311100	306490	3.0303398167791706E7	3.0994887924565237E7	30920000	30830000
GB0006928617	GBX	46	89	17933	29033	1.0463098756482463E8	1.0756722522646643E8	105650000	105000000
GB0000197722	GBX	59	66	29510	47071	7.41187766858692E7	7.498743387648445E7	75000000	74000000
DE000A0HN5C6	EUR	1	0	5	0	3652000.0	0.0	3652000	0
JE00B5TT1872	GBX	118	49	327933	193026	8825258.500974284	9465544.196118658	8994000	8970000
GB00B3MBS747	GBX	496	499	70292	68154	1.48412467279349E8	1.4993071940018195E8	151550000	147350000
IE00B00MZ448	GBX	74	89	20279	28868	1.151936535332117E8	1.165255438547873E8	116700000	115200000
GB00BF8Q6K64	GBX	456	526	433605	506832	2.4252439962638807E7	2.4554307443097517E7	24470000	24300000
FR0000120271	EUR	11	13	528	208	4980000.0	5848846.153846154	4980000	5016000
ZAE000255360	GBX	65	51	160231	156704	6565209.0731506385	6682685.445170512	6635000	6565000
GB00B45C9X44	GBX	40	36	26927	24157	2.6640320124781817E7	2.702033365070166E7	26900000	26800000
GB0000385517	GBX	17	31	5309	13457	9.322326238462988E7	9.623150033439845E7	94500000	93800000
GB0002869419	GBX	64	55	13588	14969	1.4807825287017956E8	1.5062380252521878E8	150300000	149800000
GB00BYXJC278	GBX	42	43	46971	48398	1.9758203998211663E7	2.034109797925534E7	20100000	20040000
DE0005933931	EUR	20	10	27411	28927	1.3170440407135822E7	1.317734725343105E7	13206000	13150000
DE0005158703	EUR	0	11	0	121	0.0	7000000.0	0	7000000
IT0003128367	EUR	0	11	0	2486	0.0	754000.0	0	754000
GB00BH3VJ782	GBX	7	27	917	33817	2.5407808069792803E7	2.834411302007866E7	25570000	25230000
DK0060534915	DKK	0	2	0	10	0.0	6.8815E7	0	68320000
GB0007990962	GBX	54	39	21676	18339	6.135025373685182E7	6.207668084410273E7	61800000	61600000
US8565522039	USD	38	42	7666	8547	7154788.677276284	7213074.763074763	7200000	7180000
US46630Q2021	USD	74	52	214160	222268	106656.69125887187	109211.63550308636	108800	107400
DE0006231004	EUR	11	2	132	10	2700000.0	3541750.0	2700000	3503500
GB0009895292	GBX	863	1108	47658	76913	8.474757711192244E8	8.59534042359549E8	856300000	846800000
GB00B1VZ0M25	GBX	499	489	87040	83922	1.347523414522059E8	1.3585823681513786E8	136600000	134850000
GB00BYT1DJ19	GBX	566	532	61575	57248	1.9383154770604953E8	1.952760611724427E8	195100000	194200000
LU1681046931	EUR	0	3	0	249	0.0	1.0956E7	0	10924000
CH0006372897	CHF	62	64	170	264	3.796764705882353E8	3.936780303030303E8	393000000	389500000
CH0273774791	CHF	32	31	249	257	6.068875502008032E7	6.160389105058366E7	61200000	61300000
NL0011540547	EUR	0	22	0	1199	0.0	1787798.1651376146	0	1710000
IE00B44Z5B48	USD	1	1	147	53	1.9228E7	1.9324E7	19228000	19324000
CH0418792922	CHF	435	455	10279	9544	3.0077954081136297E7	3.2724828164291702E7	32220000	31920000
CH0014786500	CHF	53	55	2371	2301	9351400.253057782	9475484.57192525	9450000	9370000
GB0003452173	GBX	56	46	77808	82125	1.0193325365001028E7	1.0390668127853882E7	10370000	10240000
GB00B63QSB39	GBX	237	257	17049	16873	2.76121666959939E8	2.7889713743851125E8	278000000	276800000
GB00B8HX8Z88	GBX	38	47	28907	24553	3.2565013318573356E7	3.3104219443652507E7	33040000	32660000
DE000A1EWWW0	EUR	0	11	0	242	0.0	2.755E7	0	27550000
BMG3682E1921	NOK	10	11	16168	19010	5954502.226620485	6019522.88269332	5996000	5972000
CH0008837566	CHF	55	69	1525	1944	1.925497704918033E7	2.0626862139917694E7	19860000	19780000
GG00B4ZPCJ00	GBX	59	48	225550	184609	1.1477335402349811E7	1.1662868115855673E7	11580000	11520000
GB00B4WFW713	GBX	66	74	119021	129923	2.6847040774317138E7	2.710433071896431E7	27060000	26920000
SE0007100581	SEK	0	1	0	5	0.0	2.513E7	0	25130000
CH0012142631	CHF	65	84	17522	20041	1971842.911768063	2029496.9811885634	1990000	1974000
GB00B1XH2C03	GBX	49	59	60774	69686	2.533151939974331E7	2.564078552363459E7	25740000	25300000
GB00BVFNZH21	GBX	35	73	37978	65766	3.3603268207909845E7	3.388452087704893E7	34100000	33500000
LU1834983550	EUR	5	0	500	0	9069160.0	0.0	9098200	0
US8181503025	USD	79	103	18391	30347	2014687.7276928932	2062001.5158005734	2036000	2016000
CH0030486770	CHF	50	63	1017	1314	3.468534906588004E7	3.890140791476408E7	35550000	35400000
CH0210483332	CHF	493	496	28229	34121	1.3565121683375252E7	1.4049214413411096E7	13795000	13715000
US80585Y3080	USD	202	240	731039	115579	1027412.1934671064	1430526.2720736465	1328500	1306500
MISSING	MISSING	0	2	0	134	0.0	3.171E7	0	31685000
LI0315487269	CHF	13	32	646	1487	1.0032260061919505E7	1.1349401479488904E7	10060000	10140000
GB00B62Z3C74	GBX	64	84	59078	55497	2.9180873590846E7	3.041097356613871E7	29800000	29900000
CH0016440353	CHF	76	86	573	700	9.43890052356021E7	9.5084E7	94950000	94500000
US69343P1057	USD	112	99	8948	10296	8921387.572641931	9128081.77933178	9176000	8974000
DK0010272632	DKK	11	0	814	0	3.285E7	0.0	32850000	0
LU1834988278	EUR	1	0	190	0	4723500.0	0.0	4723500	0
GB00B2PDGW16	GBX	31	34	7104	7184	1.6373260838963965E8	1.6627026030066815E8	165500000	164750000
GB0004915632	GBX	30	36	96702	107280	9851010.527186615	9961728.001491424	9950000	9840000
CH0025536027	CHF	49	61	660	838	4.397825757575758E7	4.4440692124105014E7	44550000	43900000
GB0000485838	GBX	66	53	21886	30144	8.458044411952847E7	8.58728436836518E7	85400000	85600000
GB0005774855	GBX	66	62	25786	20097	6.429834018459629E7	6.558075334627059E7	65000000	64900000
CH0008038389	CHF	117	84	7683	5296	8875811.531953664	8995415.407854985	8970000	8950000
DE000CBK1001	EUR	11	0	561	0	801000.0	0.0	801000	0
GB00BYWVDP49	GBX	33	52	35973	41333	2.291120284657938E7	2.319961652916556E7	23100000	23000000
GB0031544546	GBX	39	40	762034	785157	1482330.9484878627	1504113.106041212	1496000	1492000
GG00BBHXCL35	GBX	37	45	40998	46580	5.088726767159373E7	5.220213825676256E7	52000000	51400000
GB00B19Z2J52	GBX	52	71	182763	214750	8512962.361090593	8611363.073341094	8660000	8500000
FR0010361683	EUR	3	11	1143	4191	2383033.3333333335	2392763.6363636362	2387200	2381700
IL0011284465	GBX	50	61	11161	11272	1.4682283397545022E8	1.48902053761533E8	148100000	147450000
CH0315966322	CHF	47	68	672	1213	2.8110863095238097E7	2.8903215169002473E7	28350000	28250000
GB00B0SWJX34	GBX	588	594	26806	25641	7.148755204058793E8	7.362033228033228E8	729200000	724000000
CH0039821084	CHF	37	52	132	195	1.880681818181818E8	1.953974358974359E8	193000000	192000000
GB00B15FWH70	GBX	55	41	364463	199721	3578316.8497213707	3837028.8352251393	3726000	3694000
GB0000904986	GBX	212	271	14915	18211	2.877509084813946E8	2.906230629839108E8	290000000	288300000
CH0190891181	CHF	72	44	4295	3451	6839215.366705472	6919933.352651405	6900000	6780000
GB00BYM1K758	GBX	34	54	34076	41498	2.901272303087217E7	2.939938551255482E7	29400000	28900000
ES0105027009	EUR	0	11	0	55	0.0	2000000.0	0	2000000
GB00B01QGK86	GBX	37	55	39550	46902	1.867530771175727E7	1.8944423265532386E7	18820000	18740000
LU0490618542	USD	20	10	13159	8000	8655336.57572764	8670700.0	8671000	8654000
FI0009000459	EUR	11	0	1078	0	2950000.0	0.0	2950000	0
GB00BD8HBD32	GBX	58	50	207552	198021	9538715.50262103	9687668.782603865	9660000	9600000
CH0013841017	CHF	356	401	4088	4018	6.1136203522504896E7	6.54386162269786E7	63820000	63400000
DE0006335003	EUR	11	11	187	187	7890000.0	1.109E7	7890000	11090000
GB00B04V1276	GBX	48	42	27902	25413	3.0157247509139128E7	3.0540651634989966E7	30440000	30280000
FR0000125338	EUR	0	11	0	154	0.0	2.19E7	0	21900000
CH0528751586	CHF	78	79	3642	3551	8607759.472817134	8929966.206702337	8750000	8710000
CH0010570759	CHF	76	88	76	88	1.0781052631578947E10	1.1051363636363636E10	11020000000	10960000000
IM00B7S9G985	GBX	63	80	46124	63072	6.424326164252883E7	6.5510299340436324E7	65950000	63950000
GB0007873697	GBX	50	67	19283	20293	5.063549240263444E7	5.1578790716010444E7	51200000	51000000
GB00B82YXW83	GBX	34	45	17350	18413	4.565530144092219E7	4.628948677564764E7	46180000	45760000
CH0019396990	CHF	41	52	1487	1897	1.7360363147276394E7	1.762696889826041E7	17560000	17480000
CH0012214059	CHF	480	535	42559	57191	5007993.561878803	5243825.916665209	5120000	5096000
CH0025238863	CHF	114	116	2478	2389	2.5730694108151734E7	2.594010883214734E7	26120000	25670000
GB00B3FLWH99	GBX	45	62	16502	24018	7.984925766573748E7	8.350156341077526E7	80700000	80150000
FR0010869495	EUR	10	10	2781000	2558950	141270.0	141738.66898532602	141880	141000
GB00BMXWN182	GBX	63	66	159172	129330	1.1897902646194054E7	1.2128003092863219E7	12080000	11980000
GB00B6YTLS95	GBX	25	43	57511	79105	8870268.20955991	9116247.266291637	9005000	8955000
US8688612048	USD	35	37	25524	37025	456945.52577965835	465455.5192437542	462600	458400
FI4000297767	SEK	0	4	0	40	0.0	1.0933E7	0	10870000
GB00BYQ46T41	GBX	45	49	90551	101737	1.4554312597320847E7	1.4708943648819996E7	14640000	14620000
CH0406705126	CHF	52	71	2054	2164	1.1345735150925023E7	1.2093040665434381E7	11520000	11340000
CH0002497458	CHF	292	271	612	386	2.604109477124183E8	2.6705829015544042E8	266500000	265300000
GB00BYQ0JC66	GBX	48	44	43151	31830	4.977194039535584E7	5.034965221489161E7	50260000	49730000
GB00B3DGH821	GBX	36	49	60832	73982	1.234911592582851E7	1.2591616339109514E7	12540000	12360000
SE0005466513	SEK	11	11	115500	115500	2245409.090909091	2258636.3636363638	2253500	2247000
IE00B0M63060	GBX	14	0	7745	0	7.728026339573918E7	0.0	79320000	0
USY5217N1183	USD	40	43	8408	8980	2557303.7583254045	2606534.521158129	2580000	2580000
GB0004544929	GBX	609	562	122396	107216	1.6990782337658092E8	1.7609508002536935E8	173250000	172000000
FI0009013403	EUR	0	3	0	15	0.0	5590666.666666667	0	5586000
IT0004965148	EUR	11	11	286	88	5280000.0	7870000.0	5280000	7870000
IE00BD1RP616	EUR	39	51	19215	18011	613705.8548009368	627575.337293876	618400	616600
JE00BYVQYS01	GBX	47	92	59156	88570	2.7684170836432483E7	2.801929264988145E7	28150000	27640000
GB00B41H7391	GBX	29	45	21158	24184	3.930647745533604E7	3.977451414158121E7	39800000	39300000
DE0007165631	EUR	0	11	0	209	0.0	5.5E7	0	55000000
GB0007913485	GBX	43	63	44335	71293	2.053503101387166E7	2.1101805226319555E7	20600000	20800000
GB00BY7QYJ50	GBX	48	60	15839	23788	7.901320159100953E7	7.975914746931227E7	80500000	79000000
GB00B6XZKY75	GBX	53	41	20181	23322	5.160955354045885E7	5.244810050596004E7	52200000	51800000
GB00B128J450	GBX	55	44	123252	108648	9772912.975043	9878058.776967824	9830000	9820000
GB00BYN59130	GBX	26	48	21535	38527	3.911754539122359E7	3.964360059179277E7	39380000	39280000
CH0360674466	CHF	101	118	10093	11042	6308294.857822253	6629315.341423655	6555000	6505000
GB00B4YZN328	GBX	38	31	124106	124520	6480803.34552721	6563633.552842917	6540000	6520000
GB00B2B0DG97	GBX	626	809	101420	142676	2.2731891638730034E8	2.2989349925705793E8	230400000	228400000
DE0007037129	EUR	12	0	5197	0	2700988.070040408	0.0	3727000	0
IE0031442068	GBX	7	1	4370	623	3.3379270022883296E8	3.3425E8	334100000	334250000
FR0000120321	EUR	0	11	0	88	0.0	4.65E7	0	46500000
GB00BMMV6B79	GBX	44	69	19184	19152	6.929588719766472E7	7.058805346700084E7	70000000	70000000
GB0003096442	GBX	481	580	110168	141334	1.1069605148500472E8	1.120816859354437E8	111900000	111000000
NL0009767532	EUR	6	0	2400	0	5730000.0	0.0	5730000	0
IE00B4QNK008	GBX	11	11	137500	137500	4.092181818181818E7	4.096863636363637E7	41075000	40785000
GB0003395000	GBX	40	47	16041	17423	3.838531575338196E7	3.9035283820237614E7	38750000	38650000
FR0010655761	EUR	0	2	0	78	0.0	2.308E7	0	23065000
GB0030232317	GBX	104	35	30841	12741	5.958111280438378E7	6.032540224472176E7	60000000	59800000
GB00BZ4BQC70	GBX	245	292	38049	45473	1.869749783174328E8	1.884036241286038E8	188350000	186750000
MISSING	MISSING	8	4	13600	6800	4007012.5	4011200.0	4010900	4009600
DE000ENER6Y0	EUR	0	11	0	737	0.0	2600000.0	0	2600000
ES0178430E18	EUR	16	33	722	1034	397762.5346260388	426148.93617021275	420850	425000
GG00B3KX4Q34	GBX	35	29	113637	93547	8773039.238980262	8965735.085037468	8840000	8880000
ES0105066007	EUR	0	11	0	55	0.0	5560000.0	0	5560000
GB0005576813	GBX	190	261	51589	60633	8.11003209986625E7	8.206361057509936E7	82260000	81500000
GB00BNR4T868	GBX	27	72	10872	26924	6.523585356880059E7	6.65098610904769E7	66500000	65000000
GB00B8C3BL03	GBX	548	552	196567	193096	7.192225042860705E7	7.24449289472594E7	72620000	72020000
SE0000108227	SEK	0	1	0	5	0.0	2.001E7	0	20010000
GG00B1NP5142	GBX	51	39	5320	4078	3.7128571428571427E8	3.8841098577734184E8	380000000	380000000
GB00B2NGPM57	GBX	51	61	13803	17240	5.747328479316091E7	5.818266821345708E7	57900000	57750000
GB0009064097	GBX	71	59	40915	40687	4.8045873151655875E7	4.8821006709759876E7	48650000	48400000
DE000EVNK013	EUR	11	0	187	0	2700000.0	0.0	2700000	0
GB0006886666	GBX	26	28	8712	9297	9.180663452708907E7	9.298482306120254E7	92700000	92400000
GB00BG12Y042	GBX	18	40	6373	10332	9.039305664522202E7	9.531108691444057E7	91750000	90700000
GB0002418548	GBX	24	21	46177	40098	1.3961484288715161E7	1.4181927527557485E7	14070000	14060000
GB00B1N7Z094	GBX	54	48	13441	16892	1.2814880589241871E8	1.2932332465072224E8	129400000	128200000
GB00BRS65X63	GBX	30	86	47693	103930	2.21047092864781E7	2.3482585778889637E7	22420000	22000000
DE0005190003	EUR	0	11	0	55	0.0	1.082E7	0	10820000
CH0212255803	CHF	39	34	3017	2344	6292638.382499171	6715699.658703072	6340000	6360000
CH0030170408	CHF	350	374	3065	2845	6.103190212071778E7	6.413176801405975E7	62440000	62140000
GB00BKRC5K31	GBX	23	63	13837	25884	5.72485798944858E7	5.789989182506568E7	58200000	56800000
GG00B8P59C08	GBX	19	12	30396	24918	1.9251942360836953E7	1.961429568986275E7	19480000	19480000
DE0005933923	EUR	6	18	192	576	2.8015E7	2.8705E7	28015000	28675000
GB00BGBN7C04	GBX	40	91	43287	65102	2.6663208815579735E7	2.7621436207796995E7	26930000	26750000
GB00BD6GN030	GBX	52	54	60568	64654	1.9423270704002112E7	1.966276487146967E7	19785000	19370000
DE0005439004	EUR	0	22	0	1012	0.0	1.2E7	0	12000000
IT0003428445	EUR	11	0	297	0	1445000.0	0.0	1445000	0
GB00BLWDVR75	GBX	41	53	138010	171624	9268802.043330193	9405140.481517736	9370000	9290000
CH0014852781	CHF	360	292	3063	2578	6.018009141364675E7	6.047883630721489E7	60440000	60180000
DE0008402215	EUR	0	11	0	561	0.0	2.077E7	0	20770000
GB0001765816	GBX	27	44	22042	20843	3.296538426640051E7	3.3451343376673225E7	33250000	33100000
CH0024638196	CHF	55	74	1833	1576	2.3196503000545554E7	2.3404359137055837E7	23420000	23190000
CH0000816824	CHF	67	100	21326	53593	889288.8727375035	1010165.8052357584	899000	891500
CH0009002962	CHF	200	228	531	704	2.1534764595103577E8	2.1857982954545453E8	217800000	217200000
FI0009013429	EUR	0	11	0	2607	0.0	5300000.0	0	5300000
DE000SHL1006	EUR	11	11	462	77	5420000.0	6750000.0	5420000	6750000
DK0010274414	DKK	1	11	6	341	1.2525E7	1.466E7	12525000	14660000
GB00BYM8GJ06	GBX	40	31	26322	22647	3.427574804346174E7	3.475812690422572E7	35020000	34320000
GB00B06QFB75	GBX	66	106	22863	35778	7.98984603945239E7	8.51631142042596E7	81950000	81100000
CH0011339204	CHF	48	55	14888	20268	1179985.3573347663	1202794.4543122163	1194000	1186000
FR0010208488	EUR	1	0	59	0	1397400.0	0.0	1397400	0
NL0015435975	EUR	11	0	495	0	1005000.0	0.0	1005000	0
CH0118530366	CHF	42	37	6354	2444	5843997.481901164	6011587.561374796	5960000	5980000
GB00BMBVGQ36	GBX	72	71	77885	75531	3.450645413109071E7	3.616657266552806E7	35040000	34620000
MISSING	MISSING	11	11	12100	12100	4262681.818181818	4276954.545454546	4275000	4266500
DE000A0TGJ55	EUR	11	0	77	0	7200000.0	0.0	7200000	0
GB00B11V7W98	GBX	37	61	17342	27453	9.830211048321992E7	9.921622409208466E7	99000000	98600000
CH0014284498	CHF	65	85	869	791	7.208538550057538E7	7.660847029077117E7	76600000	75100000
GB00BZ0D6727	GBX	41	26	7075	4723	1.5866142756183746E8	1.607894346813466E8	160400000	159300000
GB00BYW0PQ60	GBX	538	511	144193	142213	7.920219109110706E7	8.018013318051092E7	80040000	79800000
NL0012015705	GBX	20	17	1889	1791	3.532246691371096E8	3.5785538805136794E8	364150000	350450000
GB00BLGZ9862	GBX	798	818	706797	717846	2.9840258504209835E7	3.0310245442615826E7	30075000	29855000
GB00B1Z4ST84	GBX	32	34	20685	22721	3.1256636209813874E7	3.1743192641168963E7	31740000	31280000
CH0002088976	CHF	64	92	2155	2735	1.7824519721577726E7	1.9827736745886654E7	18020000	17900000
JE00BMDZN391	GBX	44	41	53449	92424	1.3776866919867538E7	1.3992005431489656E7	13940000	13820000
GB00B7T77214	GBX	686	774	829822	1229102	2.4743361214814745E7	2.5680231966102082E7	25460000	25150000
